Index,Potability
10000,1.3041519
10001,1.4097376
10002,1.1366825
10003,1.1683041
10004,1.2265031
10005,1.2759349
10006,0.9828907
10007,1.2977192
10008,1.2717698
10009,1.0123165
10010,0.8377765
10011,1.1894146
10012,1.2291952
10013,1.1974928
10014,0.9549395
10015,1.3287221
10016,1.2291952
10017,1.2466599
10018,1.1985766
10019,1.4903514
10020,0.7681603
10021,1.2717698
10022,1.0187687
10023,1.3226502
10024,1.2738671
10025,1.2291952
10026,1.0668197
10027,1.0882374
10028,1.0608191
10029,1.2771682
10030,0.899282
10031,0.5931258
10032,1.2717698
10033,1.2291952
10034,1.2189783
10035,0.65648466
10036,1.1442062
10037,1.4377979
10038,1.0882374
10039,1.1442062
10040,1.2053506
10041,0.80733865
10042,1.2291952
10043,1.5226666
10044,1.0882374
10045,1.0608191
10046,1.1278163
10047,1.0667485
10048,0.93249875
10049,1.3126899
10050,1.0608191
10051,1.3268533
10052,1.0985343
10053,1.0608191
10054,0.8642996
10055,0.85579896
10056,1.2987765
10057,1.2717698
10058,1.2717698
10059,1.3642812
10060,1.158382
10061,1.2717698
10062,0.77362543
10063,1.0611614
10064,0.9514625
10065,1.1658931
10066,1.0608191
10067,1.1663197
10068,1.1502719
10069,1.2717698
10070,1.1442062
10071,1.1494814
10072,1.4208091
10073,1.0608191
10074,0.8226117
10075,0.522005
10076,1.1959534
10077,1.1442062
10078,1.3208973
10079,1.4870112
10080,1.2023733
10081,1.2291952
10082,1.183574
10083,1.3929956
10084,0.80178195
10085,1.3521538
10086,1.1442062
10087,1.4370354
10088,1.1376437
10089,1.1977671
10090,1.1887186
10091,1.338139
10092,1.3471082
10093,0.8769951
10094,1.0894948
10095,1.2717698
10096,1.2717698
10097,1.183876
10098,1.1442062
10099,1.2717698
10100,1.0725946
10101,1.1075305
10102,1.2717698
10103,1.2717698
10104,1.0882374
10105,0.9470036
10106,1.3328431
10107,0.84273255
10108,1.2717698
10109,1.0666444
10110,1.2101352
10111,1.1442062
10112,1.3692915
10113,0.77362543
10114,1.0608191
10115,1.2717698
10116,1.0608191
10117,1.0882374
10118,1.2717698
10119,1.2717698
10120,1.2841194
10121,1.2579416
10122,1.2460141
10123,1.1442062
10124,1.2808164
10125,1.0395674
10126,1.2717698
10127,1.2717698
10128,1.1512911
10129,1.1371883
10130,1.1978205
10131,1.2844294
10132,1.3827816
10133,1.2253224
10134,1.2100474
10135,1.0882374
10136,1.340963
10137,1.4350442
10138,1.1442062
10139,1.3016878
10140,1.3370947
10141,1.3417412
10142,1.027061
10143,1.1535976
10144,1.0920895
10145,1.1713307
10146,1.3031394
10147,1.0053155
10148,1.0780187
10149,1.2351968
10150,1.0427351
10151,1.3413138
10152,1.2291952
10153,1.0380136
10154,0.6149226
10155,1.2699124
10156,1.0608191
10157,0.91514796
10158,1.3966361
10159,1.0795244
10160,1.2129616
10161,1.1414922
10162,1.2305657
10163,1.2639836
10164,1.2912816
10165,1.0608191
10166,0.77362543
10167,1.2830015
10168,0.7721475
10169,1.4442843
10170,0.7394577
10171,1.2112534
10172,1.1442062
10173,1.1442062
10174,1.3013124
10175,1.0608191
10176,1.0686908
10177,1.1475354
10178,0.65343314
10179,1.3680774
10180,1.1121507
10181,1.4871708
10182,1.4647084
10183,1.1237726
10184,1.1442062
10185,1.2640715
10186,1.3311243
10187,1.3378441
10188,1.2291952
10189,1.4369912
10190,1.1514896
10191,0.81426847
10192,0.9764478
10193,1.2717698
10194,1.0441073
10195,1.0790298
10196,1.1442062
10197,1.3885965
10198,0.7814279
10199,1.0349476
10200,0.9664336
10201,1.2291952
10202,0.70622885
10203,1.0882374
10204,1.1526157
10205,1.1001658
10206,1.2291952
10207,1.2298626
10208,1.318237
10209,1.1186252
10210,1.2503494
10211,0.916613
10212,1.2291952
10213,1.0882374
10214,1.0769022
10215,1.1213527
10216,1.2913741
10217,1.2717698
10218,1.0873543
10219,1.450382
10220,1.4750178
10221,1.4455018
10222,1.0148468
10223,1.2977192
10224,1.3469017
10225,1.0608191
10226,1.2705353
10227,1.3846904
10228,1.3429887
10229,1.0710039
10230,1.3456047
10231,1.3101126
10232,1.0882374
10233,1.0992379
10234,1.1442062
10235,0.75094306
10236,1.419805
10237,1.1805841
10238,1.4205033
10239,0.9004755
10240,1.0215597
10241,1.2792114
10242,0.773207
10243,1.0659927
10244,1.1993902
10245,0.68610066
10246,1.1394598
10247,1.4075311
10248,1.1917374
10249,1.0835165
10250,1.1267556
10251,1.178594
10252,1.1510143
10253,0.73200554
10254,0.77362543
10255,1.2888942
10256,1.2911621
10257,1.3795855
10258,1.2717242
10259,0.7504941
10260,1.3615304
10261,1.2361242
10262,1.2291952
10263,1.2717698
10264,1.0660573
10265,1.1121507
10266,1.2717698
10267,1.0608191
10268,1.2844294
10269,1.2592354
10270,1.3019452
10271,1.0882374
10272,1.2644314
10273,1.2717698
10274,1.259832
10275,1.1520445
10276,1.2717698
10277,1.2717698
10278,1.3607906
10279,1.2579416
10280,1.288023
10281,1.1950006
10282,1.2292876
10283,1.2634001
10284,1.0608191
10285,1.4176323
10286,1.3428324
10287,0.7709009
10288,1.1801589
10289,1.1863877
10290,0.77362543
10291,0.75091904
10292,1.0882374
10293,1.0943539
10294,0.84416544
10295,1.3381333
10296,1.0608191
10297,1.0608191
10298,0.5952904
10299,1.1025763
10300,1.5645466
10301,1.1150643
10302,1.0917592
10303,1.289372
10304,0.9948679
10305,1.304266
10306,1.08396
10307,1.3319955
10308,0.77362543
10309,1.2717698
10310,1.0639923
10311,1.1964518
10312,0.9645268
10313,1.3929956
10314,1.1095238
10315,1.3720679
10316,1.2823066
10317,1.3342421
10318,1.2672523
10319,1.2717698
10320,1.0684592
10321,1.4205033
10322,1.064858
10323,1.4216057
10324,1.2448279
10325,1.189974
10326,1.0213007
10327,1.1097183
10328,1.1937954
10329,1.2717698
10330,1.1858581
10331,1.2291952
10332,1.1845574
10333,1.3641084
10334,1.3676752
10335,1.4525375
10336,1.0866446
10337,0.88619864
10338,1.2717698
10339,1.1442062
10340,0.77362543
10341,1.3602496
10342,1.3986361
10343,1.2717698
10344,1.0247864
10345,1.2095109
10346,1.2291952
10347,1.3154145
10348,0.97897047
10349,1.055795
10350,1.2291952
10351,1.0795244
10352,1.2291952
10353,0.93907005
10354,1.0491439
10355,1.0608191
10356,1.2858888
10357,0.7687899
10358,1.0172243
10359,1.2097404
10360,1.2665675
10361,1.1851414
10362,1.2717698
10363,1.3706769
10364,1.0873002
10365,1.0827372
10366,1.3469017
10367,1.2291952
10368,1.0882374
10369,1.167178
10370,1.3393033
10371,1.1271032
10372,1.2409205
10373,1.4716674
10374,1.1531277
10375,1.3434094
10376,1.2876303
10377,1.0643309
10378,1.1310457
10379,0.95126337
10380,1.2291952
10381,1.2291952
10382,1.318106
10383,1.1442062
10384,1.2717698
10385,1.2361925
10386,1.3061405
10387,1.2027258
10388,1.0623055
10389,0.75890833
10390,1.2717698
10391,1.2888887
10392,0.74573064
10393,1.0048263
10394,1.2717698
10395,0.53800344
10396,0.82612807
10397,1.0820137
10398,1.1883143
10399,1.0594668
10400,1.2717698
10401,1.3287221
10402,1.3399317
10403,0.72747
10404,1.1712823
10405,1.2859608
10406,1.46892
10407,1.221235
10408,1.2980261
10409,0.8616479
10410,0.9994607
10411,1.2802546
10412,1.4502425
10413,0.91844517
10414,1.1897888
10415,1.1791466
10416,1.2321473
10417,1.2720346
10418,1.3170782
10419,1.0956776
10420,1.2291952
10421,1.0608191
10422,0.7666052
10423,1.1706508
10424,1.1442062
10425,1.265537
10426,1.2574196
10427,1.2717698
10428,1.2291952
10429,1.3194696
10430,1.2460141
10431,1.0842463
10432,1.0882374
10433,1.6280007
10434,1.4831254
10435,1.3579627
10436,1.1442062
10437,1.2541814
10438,1.0459822
10439,1.1857952
10440,1.5187778
10441,1.5194516
10442,1.0325314
10443,1.0977812
10444,1.103959
10445,1.3231703
10446,0.77362543
10447,1.3175869
10448,1.2357532
10449,1.4959637
10450,1.344187
10451,1.2717698
10452,1.3311243
10453,1.0825092
10454,1.0125809
10455,1.0028871
10456,1.4205033
10457,1.1442062
10458,1.0608191
10459,1.2702893
10460,0.98212296
10461,1.3140562
10462,1.2982049
10463,1.083184
10464,0.81496954
10465,1.0385838
10466,1.2291952
10467,1.2717698
10468,1.0027709
10469,1.2717698
10470,0.8352895
10471,1.2717698
10472,1.222579
10473,0.6090364
10474,1.2717698
10475,1.1295089
10476,1.2717698
10477,1.2627176
10478,1.0882374
10479,1.0838364
10480,1.0920691
10481,1.3320675
10482,1.4070517
10483,1.191179
10484,1.0095907
10485,1.3095769
10486,1.1614261
10487,0.64956504
10488,1.3241435
10489,1.3614416
10490,1.4618587
10491,1.2291952
10492,1.2382209
10493,1.0655569
10494,1.050882
10495,1.1060516
10496,1.2717698
10497,1.0119808
10498,1.2717698
10499,1.2717698
10500,1.2291952
10501,1.5925179
10502,1.2819408
10503,0.69121414
10504,1.0608191
10505,1.1040915
10506,1.0681169
10507,0.7574855
10508,1.1796693
10509,1.045387
10510,0.95120937
10511,1.1111073
10512,1.326466
10513,1.2221149
10514,1.2717698
10515,1.1266108
10516,0.87549573
10517,1.0947706
10518,1.0739149
10519,1.3456968
10520,1.2717698
10521,1.2726655
10522,1.3216602
10523,1.4643699
10524,1.2620788
10525,1.0398839
10526,0.8045895
10527,1.121869
10528,0.995132
10529,0.9990727
10530,1.0748627
10531,1.5385993
10532,1.2541814
10533,1.2581611
10534,1.2717698
10535,1.3311243
10536,0.9139354
10537,1.1442062
10538,1.2717698
10539,0.71842134
10540,1.2291952
10541,1.1801589
10542,1.3467332
10543,1.1329681
10544,1.2292387
10545,1.0700415
10546,1.1885376
10547,1.2302623
10548,1.0084287
10549,1.2717698
10550,1.1442062
10551,1.1162384
10552,1.1296164
10553,1.3632165
10554,1.3452499
10555,1.4206822
10556,1.153314
10557,1.2687703
10558,1.3963379
10559,1.2717698
10560,1.4806538
10561,1.2291952
10562,1.0939237
10563,1.0146421
10564,1.1112623
10565,1.0882374
10566,1.0450301
10567,0.9793644
10568,0.811337
10569,1.2889817
10570,1.0608191
10571,0.9796122
10572,1.2717698
10573,1.3337961
10574,1.2290255
10575,1.0125809
10576,1.1133828
10577,1.2346864
10578,1.235018
10579,1.2717698
10580,0.7678846
10581,1.2213401
10582,1.1606853
10583,1.3319955
10584,0.77362543
10585,1.2717698
10586,1.143985
10587,0.9989225
10588,1.4360768
10589,1.2263702
10590,1.2291952
10591,1.0311203
10592,1.0882374
10593,1.2717698
10594,1.2979914
10595,1.0451803
10596,1.1449323
10597,1.1442062
10598,1.1945835
10599,1.2503494
10600,1.1002302
10601,1.0454347
10602,1.3615304
10603,1.2717698
10604,1.1166698
10605,1.2717698
10606,1.2717698
10607,1.221235
10608,1.2291952
10609,1.1638592
10610,1.2233661
10611,0.8116569
10612,1.1874468
10613,1.1238028
10614,1.0641159
10615,1.1624259
10616,1.0130216
10617,1.2717698
10618,1.237677
10619,1.4143343
10620,1.1643896
10621,0.9908717
10622,0.68529046
10623,0.6050428
10624,1.2139614
10625,1.3476368
10626,0.77362543
10627,1.323338
10628,1.2325124
10629,1.5121242
10630,1.2717698
10631,1.2717698
10632,0.9607549
10633,0.813606
10634,1.2717698
10635,1.1442062
10636,1.1438322
10637,1.3032336
10638,1.4360852
10639,1.2357618
10640,1.2291952
10641,0.8834977
10642,1.0608191
10643,1.2717698
10644,1.2717698
10645,1.0608191
10646,1.3311002
10647,1.4810128
10648,1.0882374
10649,1.0565791
10650,1.2728697
10651,1.2158096
10652,1.290617
10653,1.1687477
10654,1.3584449
10655,1.1408402
10656,1.1813774
10657,1.3614111
10658,1.0756277
10659,1.0353643
10660,1.0119808
10661,1.1337221
10662,1.4218833
10663,1.2859608
10664,1.2717698
10665,1.350166
10666,1.2291952
10667,1.2506702
10668,1.4831655
10669,1.0608191
10670,1.1927097
10671,1.3512244
10672,1.2717698
10673,1.268801
10674,1.1977671
10675,1.4155742
10676,1.1687213
10677,1.1465571
10678,1.3019907
10679,1.0882374
10680,1.1733444
10681,1.2212846
10682,1.1105895
10683,1.2708311
10684,1.1356682
10685,1.0104386
10686,0.98306865
10687,1.189974
10688,1.0608191
10689,1.1001658
10690,1.3615304
10691,1.0664822
10692,1.2661259
10693,1.3280646
10694,1.0429134
10695,0.8644535
10696,1.3500443
10697,1.2291952
10698,1.2103559
10699,1.2717698
10700,1.1623788
10701,1.3272214
10702,1.1470125
10703,1.3132071
10704,1.5420139
10705,1.3406506
10706,1.3871238
10707,0.9949184
10708,0.79652417
10709,1.0431919
10710,1.4450352
10711,1.2291952
10712,1.2717698
10713,1.1139194
10714,1.2967845
10715,1.383445
10716,1.0886347
10717,1.3316622
10718,1.0642284
10719,1.2141978
10720,1.1801589
10721,1.0608191
10722,1.1894146
10723,1.3019722
10724,1.367405
10725,1.0821308
10726,1.1894146
10727,1.4497358
10728,1.1284045
10729,0.51474
10730,1.2717698
10731,1.0541356
10732,1.141315
10733,1.2717698
10734,1.0608191
10735,1.1010991
10736,1.3469017
10737,1.2943809
10738,1.0416715
10739,1.029445
10740,1.3246698
10741,1.2717698
10742,1.3019907
10743,1.1284504
10744,1.2717698
10745,1.2109462
10746,1.2493167
10747,1.2717698
10748,1.1763817
10749,1.2291952
10750,1.0692049
10751,1.0608191
10752,0.77362543
10753,1.2476273
10754,1.1134852
10755,1.2717698
10756,1.2717698
10757,1.2291952
10758,1.0608191
10759,0.9341591
10760,1.2625902
10761,1.2995033
10762,1.2742739
10763,1.0401932
10764,1.0530728
10765,1.0608191
10766,0.77362543
10767,1.3098443
10768,1.2670139
10769,0.78124297
10770,1.2717698
10771,1.2291952
10772,0.87980735
10773,1.2291952
10774,1.3094947
10775,0.6717156
10776,1.5347999
10777,1.2553443
10778,1.2291952
10779,1.3374487
10780,1.2291952
10781,1.2717698
10782,1.3592298
10783,0.46747303
10784,0.6252502
10785,1.2897731
10786,1.2717698
10787,1.3319955
10788,1.0608191
10789,1.1959448
10790,1.5325776
10791,1.2329209
10792,0.7957099
10793,1.2717698
10794,1.1950185
10795,1.0097113
10796,1.0704468
10797,0.77362543
10798,1.2717698
10799,1.2837502
10800,0.82499325
10801,1.2720346
10802,1.0676882
10803,1.0572927
10804,1.3701553
10805,1.26657
10806,1.2518343
10807,1.4055158
10808,1.0841883
10809,1.4136907
10810,0.85761243
10811,1.4372638
10812,1.0608191
10813,1.1671555
10814,1.2912816
10815,1.0136794
10816,1.5643847
10817,1.1945835
10818,1.2433933
10819,1.2237223
10820,1.1797863
10821,1.2717698
10822,1.2687113
10823,1.5037364
10824,0.80751747
10825,1.2939354
10826,1.2912816
10827,0.36285865
10828,1.0608191
10829,0.71649635
10830,1.1983916
10831,0.92166525
10832,1.2334179
10833,1.2717698
10834,1.0413316
10835,1.2528224
10836,1.1442062
10837,1.3105805
10838,1.0608191
10839,1.4430174
10840,0.7211931
10841,1.3208973
10842,1.1768645
10843,1.1426637
10844,1.1442062
10845,1.2828896
10846,1.1442062
10847,0.9062779
10848,1.0703573
10849,1.0963495
10850,1.3032407
10851,1.2328608
10852,1.2705353
10853,1.0982319
10854,1.0111108
10855,1.1442062
10856,1.1627202
10857,1.2291952
10858,1.112878
10859,1.1795573
10860,1.0515957
10861,1.1724778
10862,1.2717698
10863,1.0639048
10864,1.0608191
10865,1.4227589
10866,1.185706
10867,1.2291952
10868,1.0835567
10869,0.93636125
10870,1.2717698
10871,1.555784
10872,1.3319955
10873,1.0455246
10874,0.6503235
10875,1.0444735
10876,1.1430991
10877,0.7662854
10878,1.3892564
10879,1.0608191
10880,1.0749798
10881,1.2734151
10882,1.0943305
10883,0.8717794
10884,1.1514896
10885,1.2291952
10886,1.1442062
10887,1.083184
10888,1.2717698
10889,1.2305963
10890,1.2291952
10891,1.1278772
10892,1.011736
10893,0.69122887
10894,1.4155742
10895,0.64566755
10896,0.6550161
10897,1.038879
10898,1.1894597
10899,1.3425506
10900,1.1858581
10901,1.4133513
10902,1.1286993
10903,1.2717698
10904,1.3646662
10905,1.1767561
10906,1.0608191
10907,0.7720637
10908,1.2717698
10909,1.2717698
10910,1.219445
10911,1.1761627
10912,1.2717698
10913,1.0776333
10914,1.3144312
10915,1.0418519
10916,1.2912816
10917,1.1756654
10918,1.2792114
10919,1.2291952
10920,1.0668197
10921,1.0745614
10922,1.5614105
10923,1.4198235
10924,1.4315279
10925,1.2291952
10926,1.2053506
10927,1.2717698
10928,1.2291952
10929,1.2717698
10930,1.237677
10931,1.321861
10932,1.1477028
10933,1.2139931
10934,1.4051052
10935,1.1572008
10936,1.1668986
10937,1.1374018
10938,1.0882374
10939,0.9536207
10940,1.2717698
10941,1.2333168
10942,1.3728012
10943,1.088834
10944,1.0211233
10945,1.2291952
10946,1.1531252
10947,1.2717698
10948,1.2891657
10949,0.9396987
10950,1.231803
10951,1.2783047
10952,1.1442062
10953,1.1442062
10954,1.1442062
10955,1.3506079
10956,1.0422385
10957,1.1286818
10958,1.326872
10959,0.8965101
10960,1.0680298
10961,1.3528575
10962,1.2717698
10963,1.2337846
10964,1.2291952
10965,1.0608191
10966,1.2231438
10967,1.1617897
10968,1.0963495
10969,1.2717698
10970,0.94623727
10971,1.1824725
10972,0.82030004
10973,1.1894146
10974,1.1077558
10975,1.1919937
10976,0.80474573
10977,1.1238028
10978,1.4503938
10979,1.0700415
10980,1.0716997
10981,1.2278842
10982,1.2924435
10983,1.3279881
10984,1.2717698
10985,1.0758903
10986,1.0261981
10987,1.0493376
10988,1.2291952
10989,1.5090429
10990,0.99067193
10991,1.2668693
10992,1.1473608
10993,1.1132456
10994,0.8110707
10995,1.4370224
10996,0.7769754
10997,1.4069163
10998,1.0704468
10999,1.193336
11000,1.1513208
11001,1.192212
11002,1.1186252
11003,1.2717698
11004,0.6976186
11005,1.0660682
11006,0.8240353
11007,1.2126448
11008,1.1308994
11009,0.7347557
11010,1.4949832
11011,0.9964258
11012,0.77362543
11013,1.3695669
11014,1.4182842
11015,1.2291952
11016,1.2717698
11017,1.304266
11018,1.2691225
11019,0.80787796
11020,1.0882374
11021,1.0608191
11022,1.3177227
11023,1.0608191
11024,1.0119808
11025,1.2291952
11026,0.7909172
11027,1.1062669
11028,1.0568758
11029,0.77362543
11030,1.4201163
11031,1.3523117
11032,0.80576515
11033,1.1495068
11034,1.2319493
11035,1.0704671
11036,1.268258
11037,1.2888942
11038,1.2717698
11039,1.1858581
11040,1.3319165
11041,1.160449
11042,1.2822262
11043,0.8352895
11044,1.4986595
11045,1.2340232
11046,1.0608191
11047,1.4502425
11048,1.1506315
11049,1.2888942
11050,1.3469017
11051,1.3501828
11052,1.2717698
11053,1.2717698
11054,0.7796502
11055,1.4517211
11056,1.0692285
11057,0.7433064
11058,1.2818426
11059,1.4087346
11060,1.3428324
11061,0.9735168
11062,0.7959656
11063,1.2402848
11064,0.9536521
11065,1.1288496
11066,1.0524074
11067,1.0882374
11068,1.0608191
11069,0.9679475
11070,1.0821308
11071,1.2660736
11072,0.55369043
11073,1.0832554
11074,1.214637
11075,1.172493
11076,1.1069831
11077,1.1442062
11078,1.2717698
11079,1.0996974
11080,1.2802087
11081,1.3257192
11082,1.2844052
11083,1.0004017
11084,0.9266107
11085,1.2497919
11086,0.77362543
11087,1.2765056
11088,1.309202
11089,1.0731779
11090,1.2816136
11091,0.7821457
11092,1.0196216
11093,1.0608191
11094,0.8107904
11095,1.4512833
11096,0.7954069
11097,1.2717698
11098,0.5437122
11099,1.0608191
11100,1.2213401
11101,1.1442062
11102,1.0769022
11103,1.2717698
11104,1.055591
11105,1.2096449
11106,1.2717698
11107,1.2717698
11108,1.4583498
11109,1.4088639
11110,1.1376437
11111,0.77362543
11112,1.420074
11113,1.2291952
11114,1.3402642
11115,1.0608191
11116,1.3063631
11117,1.02025
11118,1.1526157
11119,1.0608191
11120,1.1801589
11121,1.0608191
11122,0.8538034
11123,1.3410316
11124,1.3861551
11125,0.9785731
11126,0.76519734
11127,1.4871094
11128,1.08002
11129,1.2717698
11130,1.2646425
11131,1.3428701
11132,1.2291952
11133,1.0827963
11134,1.2615474
11135,1.2977192
11136,1.1563687
11137,0.86125004
11138,1.1442062
11139,1.2433933
11140,1.0882374
11141,1.1442062
11142,1.1858581
11143,1.0658603
11144,1.2291952
11145,1.3812329
11146,1.094003
11147,1.0286425
11148,1.3207791
11149,1.0593762
11150,1.500854
11151,1.442176
11152,1.0988685
11153,1.2717698
11154,1.1242096
11155,1.0598234
11156,0.9801762
11157,1.2717698
11158,1.0797791
11159,0.5904116
11160,1.1442062
11161,0.56711257
11162,1.4207706
11163,1.170402
11164,1.2717698
11165,1.1442062
11166,1.3215721
11167,1.1105895
11168,1.2717698
11169,0.90605074
11170,1.3356239
11171,1.2717698
11172,1.2231438
11173,1.057776
11174,1.168153
11175,1.1051807
11176,1.1442062
11177,1.1494814
11178,1.3421348
11179,1.3231703
11180,1.1442062
11181,1.3019907
11182,1.4258119
11183,0.77362543
11184,1.2717698
11185,1.2291952
11186,0.98827904
11187,1.0190207
11188,1.1121507
11189,1.2291952
11190,1.3016131
11191,1.4271654
11192,1.3680774
11193,1.2717698
11194,1.2717698
11195,0.94937325
11196,1.2717698
11197,1.2776349
11198,1.4125727
11199,0.97996044
11200,1.0231793
11201,1.2165712
11202,1.0331954
11203,1.1226052
11204,0.7551087
11205,1.3439592
11206,1.247273
11207,1.109964
11208,0.74574786
11209,0.71437407
11210,1.0608191
11211,1.0882374
11212,1.2888942
11213,1.2094952
11214,1.2174177
11215,1.2291952
11216,1.0225749
11217,0.77362543
11218,1.2717698
11219,1.1977671
11220,0.84934473
11221,1.2588617
11222,1.728017
11223,1.2717698
11224,1.0608191
11225,0.72391945
11226,0.7996341
11227,1.5187778
11228,1.1814678
11229,1.2291952
11230,1.4530371
11231,0.5127627
11232,1.335488
11233,1.0596887
11234,1.1967187
11235,1.0138127
11236,1.1535294
11237,1.0608191
11238,1.2717698
11239,1.0722347
11240,1.3254987
11241,0.918524
11242,1.1442062
11243,1.1442062
11244,1.1663818
11245,1.1442062
11246,1.3235235
11247,0.7475587
11248,1.2717698
11249,1.2257156
11250,1.1974725
11251,1.3955911
11252,1.2717698
11253,1.0608191
11254,1.3351777
11255,1.3454387
11256,1.2717698
11257,1.1947385
11258,1.3474329
11259,1.5143028
11260,1.3144312
11261,0.9689338
11262,1.2291952
11263,1.3680774
11264,1.2303392
11265,1.3889467
11266,1.2717698
11267,1.0421629
11268,1.3223133
11269,1.1392491
11270,1.1907281
11271,1.1442062
11272,1.2717698
11273,1.2717698
11274,1.2066224
11275,1.3519741
11276,1.0882374
11277,1.0863262
11278,0.7557719
11279,1.0406948
11280,1.2278153
11281,1.4697121
11282,1.0694025
11283,1.4527208
11284,1.1513263
11285,1.6302352
11286,1.2717698
11287,1.2717698
11288,1.0957975
11289,1.4980636
11290,1.2892685
11291,1.2717698
11292,1.3359627
11293,0.9065877
11294,1.2237585
11295,1.398701
11296,1.1502719
11297,1.2291952
11298,1.1801589
11299,1.2861178
11300,0.7948331
11301,1.3780308
11302,1.2717698
11303,1.0686512
11304,1.0817415
11305,1.2717698
11306,1.1046063
11307,1.155
11308,1.1442062
11309,1.3254987
11310,0.77362543
11311,1.1759878
11312,0.97453946
11313,0.97628903
11314,1.195093
11315,0.72866356
11316,1.3469017
11317,1.0882374
11318,0.77362543
11319,1.0079086
11320,1.231803
11321,1.3444108
11322,0.96885735
11323,1.1656643
11324,1.5182376
11325,1.3838345
11326,1.2346864
11327,1.0987316
11328,1.2456067
11329,1.2871604
11330,1.0608191
11331,1.0815728
11332,1.2300869
11333,1.1548742
11334,1.1442062
11335,1.303449
11336,1.0796324
11337,1.1442062
11338,1.117307
11339,1.2659382
11340,1.2291952
11341,0.7798382
11342,1.2871604
11343,1.2291952
11344,0.88568825
11345,1.1891588
11346,1.0776333
11347,1.3707389
11348,1.3385822
11349,0.993243
11350,0.98406154
11351,1.1142554
11352,1.0813699
11353,0.62888724
11354,0.9924589
11355,1.0608191
11356,1.5589399
11357,1.2717698
11358,1.3298196
11359,0.7957099
11360,1.2999272
11361,1.0450301
11362,1.332083
11363,1.4677534
11364,1.2717698
11365,0.718359
11366,1.0608191
11367,0.96728474
11368,0.8448138
11369,1.0551552
11370,1.2685695
11371,1.2717698
11372,1.1442062
11373,1.0608191
11374,1.2717698
11375,1.2717698
11376,1.2733575
11377,1.160437
11378,1.2978193
11379,0.80507
11380,1.2717698
11381,1.3222654
11382,1.2900909
11383,1.232816
11384,1.0608191
11385,1.1535071
11386,1.2659281
11387,1.0608191
11388,1.2291952
11389,1.1591725
11390,0.99134165
11391,1.2868938
11392,1.2717698
11393,1.2427142
11394,1.2291952
11395,1.0608191
11396,1.2871604
11397,1.0966885
11398,1.3404465
11399,1.2329209
11400,0.77362543
11401,1.2707312
11402,1.2717698
11403,1.2717698
11404,1.2464265
11405,1.179364
11406,1.1442062
11407,0.77362543
11408,1.1264355
11409,1.2473735
11410,1.2144027
11411,1.0450374
11412,1.2742465
11413,1.08396
11414,1.2291952
11415,0.943502
11416,1.1442062
11417,1.4347858
11418,1.2888942
11419,0.90941435
11420,1.2717698
11421,1.2983056
11422,1.2291952
11423,0.85841334
11424,1.138687
11425,1.3144312
11426,1.120121
11427,1.2646894
11428,1.0610157
11429,1.0786537
11430,1.2097404
11431,1.2291952
11432,0.96936643
11433,1.1927097
11434,1.346854
11435,1.3174628
11436,1.0882374
11437,1.4008932
11438,1.1514896
11439,0.7957099
11440,1.3641667
11441,1.1985755
11442,1.2911621
11443,0.81204003
11444,1.2259116
11445,1.1335455
11446,1.0608191
11447,1.1252687
11448,1.2478453
11449,1.2291952
11450,1.149213
11451,0.9086277
11452,1.4722899
11453,1.2717698
11454,1.0119808
11455,1.2995033
11456,1.320655
11457,1.2717698
11458,1.2717698
11459,1.4626404
11460,1.2291952
11461,0.97406644
11462,1.3554496
11463,0.73587793
11464,1.2717698
11465,1.3930162
11466,0.6615669
11467,1.0608191
11468,1.0882374
11469,1.1908205
11470,1.0476714
11471,1.0608191
11472,1.2417222
11473,1.2717698
11474,1.0819843
11475,1.5407395
11476,1.2717698
11477,1.1397603
11478,1.0608191
11479,1.2717698
11480,1.2717698
11481,1.0950227
11482,1.0608191
11483,1.0608191
11484,0.8447641
11485,1.2717698
11486,1.2717698
11487,1.0565791
11488,1.0692285
11489,1.0882374
11490,1.4766386
11491,1.3439592
11492,1.400954
11493,1.2028408
11494,1.338139
11495,1.3555542
11496,1.4159453
11497,1.2717698
11498,1.3152739
11499,1.0183417
11500,1.3747199
11501,1.0864913
11502,1.3641343
11503,1.0632715
11504,1.1442062
11505,1.4848157
11506,1.1442062
11507,1.4424348
11508,1.3089421
11509,1.0984353
11510,1.0882374
11511,1.0862567
11512,1.2717698
11513,1.2717698
11514,1.0608191
11515,1.2980261
11516,1.2717698
11517,0.89964277
11518,1.2291952
11519,1.3856443
11520,1.4871094
11521,1.2717698
11522,0.85055953
11523,1.280722
11524,1.2231438
11525,1.0269947
11526,1.0310755
11527,0.9207256
11528,1.342139
11529,0.47059584
11530,1.2717698
11531,1.6050315
11532,0.77362543
11533,1.0956776
11534,1.2512152
11535,1.3404055
11536,1.2717698
11537,1.2659281
11538,1.2397449
11539,1.2802515
11540,1.2109392
11541,1.2888942
11542,1.3319955
11543,1.2717698
11544,1.2657632
11545,1.0882374
11546,1.1624259
11547,1.1067072
11548,1.3529277
11549,0.77362543
11550,0.95736796
11551,1.1203357
11552,0.90748596
11553,1.2717698
11554,1.0608191
11555,1.0882374
11556,1.0998033
11557,1.2350231
11558,1.0835904
11559,1.418023
11560,1.375018
11561,1.348706
11562,1.0488465
11563,1.2717698
11564,1.5584701
11565,1.0416558
11566,1.2717698
11567,1.0954503
11568,0.7809033
11569,1.2717698
11570,1.1119069
11571,1.1599702
11572,1.1419525
11573,0.99222356
11574,1.0882374
11575,1.2394671
11576,1.2770336
11577,0.83128816
11578,1.0608191
11579,1.0510317
11580,1.3758713
11581,1.1511575
11582,1.0608191
11583,1.2717698
11584,0.9111514
11585,1.169797
11586,1.338139
11587,1.0608191
11588,0.47842544
11589,0.77362543
11590,1.2230161
11591,1.0641655
11592,1.1688299
11593,1.323338
11594,1.3126899
11595,1.2291952
11596,0.99067193
11597,1.2674345
11598,1.2717698
11599,1.2291952
11600,1.2579416
11601,1.2717698
11602,1.0608191
11603,1.2717698
11604,1.1319028
11605,1.189974
11606,0.7704037
11607,0.7767674
11608,1.4169233
11609,1.0608191
11610,1.2802515
11611,1.2707312
11612,1.0277606
11613,1.2687068
11614,1.2291952
11615,1.1442062
11616,1.109418
11617,1.2351476
11618,1.4776671
11619,0.7394908
11620,1.2344071
11621,1.0076767
11622,0.88939476
11623,1.1575017
11624,1.5034709
11625,0.7423963
11626,1.0608191
11627,0.88729656
11628,0.80031055
11629,1.285798
11630,1.2908946
11631,1.0376601
11632,1.1442062
11633,1.4143624
11634,1.1043845
11635,1.1740342
11636,1.3265421
11637,1.2717698
11638,1.2291952
11639,1.1225967
11640,1.2717698
11641,1.1442062
11642,1.1964396
11643,1.0889908
11644,1.3041519
11645,1.1531782
11646,1.1627127
11647,1.1442062
11648,1.2291952
11649,1.2002296
11650,1.5607692
11651,1.2717698
11652,0.8482365
11653,0.9728835
11654,1.1572008
11655,0.8252777
11656,0.9812472
11657,1.2660736
11658,1.2860354
11659,0.7058048
11660,1.0882374
11661,1.2379105
11662,1.0852882
11663,1.1892571
11664,1.210313
11665,1.3168358
11666,1.1256579
11667,1.2717698
11668,1.1442062
11669,1.4268208
11670,1.2278842
11671,1.1442062
11672,1.0608191
11673,1.0808372
11674,0.9501503
11675,1.0608191
11676,1.211822
11677,1.4815532
11678,1.2800822
11679,1.1053027
11680,1.4298418
11681,1.138105
11682,1.1974021
11683,1.3648579
11684,0.8354186
11685,1.0534139
11686,1.2826883
11687,1.302953
11688,1.0949955
11689,1.1344078
11690,1.0852531
11691,1.1442062
11692,1.3113579
11693,1.029948
11694,1.0882374
11695,1.0608191
11696,1.3085437
11697,1.1067072
11698,1.224659
11699,1.0107149
11700,1.2291952
11701,1.1442062
11702,1.2336146
11703,1.1295118
11704,0.93041223
11705,1.1082008
11706,1.2798874
11707,1.0608191
11708,0.9411185
11709,1.2306343
11710,1.2291952
11711,1.1655898
11712,1.0608191
11713,1.2964059
11714,1.1045434
11715,1.2529731
11716,1.0207351
11717,0.99067193
11718,1.2291952
11719,1.3434094
11720,0.7767293
11721,0.7819825
11722,1.1878214
11723,1.2717698
11724,1.1858581
11725,1.0813338
11726,1.5037295
11727,1.2717698
11728,1.354662
11729,1.1121507
11730,0.95282936
11731,1.3967482
11732,0.8337068
11733,1.3469017
11734,1.1444575
11735,0.77362543
11736,1.2291952
11737,1.3032839
11738,1.0608191
11739,1.1034417
11740,1.4370224
11741,1.3079057
11742,0.77362543
11743,0.65777797
11744,0.48108378
11745,1.2291952
11746,1.1556305
11747,0.8970354
11748,1.2717698
11749,1.2379105
11750,0.7994191
11751,1.2222724
11752,1.0288479
11753,1.1307645
11754,1.0608191
11755,1.2717698
11756,1.021018
11757,1.0671064
11758,1.0608191
11759,1.0904969
11760,1.4496872
11761,1.2332146
11762,1.2291952
11763,0.84731436
11764,0.77362543
11765,1.1180688
11766,0.86394876
11767,1.2717698
11768,1.126756
11769,1.3350992
11770,0.9438672
11771,1.2717698
11772,1.2079207
11773,1.0608191
11774,1.4697121
11775,1.1442062
11776,0.762111
11777,1.3254102
11778,1.1263096
11779,0.780327
11780,1.2717698
11781,1.0128677
11782,1.2717698
11783,0.7392248
11784,1.2717698
11785,1.2717698
11786,1.363621
11787,1.2717698
11788,1.1164092
11789,1.1442062
11790,1.2687683
11791,1.0882374
11792,1.2232313
11793,1.0467241
11794,1.1890231
11795,1.3319235
11796,0.74376243
11797,1.4205033
11798,1.2659281
11799,1.5118996
11800,0.7305729
11801,0.9447742
11802,1.2717698
11803,1.4009705
11804,1.1761626
11805,1.2376816
11806,1.0312856
11807,1.1442062
11808,1.0608191
11809,1.3059369
11810,1.2888942
11811,0.7644571
11812,1.526817
11813,1.0608191
11814,1.0608191
11815,1.1676953
11816,1.3053341
11817,1.0900298
11818,1.4273626
11819,1.2231789
11820,1.2717698
11821,1.1995686
11822,0.9478128
11823,1.3043137
11824,1.1510143
11825,1.4526209
11826,1.1991043
11827,1.2235098
11828,1.3034899
11829,1.2717698
11830,1.08396
11831,0.446389
11832,1.4453863
11833,1.277655
11834,1.004891
11835,1.451968
11836,0.6549302
11837,1.2635077
11838,1.1148705
11839,1.17313
11840,1.2291952
11841,1.2955457
11842,0.9213907
11843,1.2388843
11844,1.2317863
11845,1.0608191
11846,1.4185456
11847,0.9900737
11848,1.1442062
11849,1.1315559
11850,1.2291952
11851,1.0608191
11852,1.1442062
11853,1.2717698
11854,1.2291952
11855,0.8204942
11856,1.0882374
11857,1.332083
11858,1.3126899
11859,1.0637499
11860,1.1706784
11861,1.4613436
11862,1.3637266
11863,1.1333302
11864,1.1342622
11865,0.77362543
11866,1.3316622
11867,1.2837502
11868,1.0933396
11869,1.0608191
11870,1.2291952
11871,1.2291952
11872,0.9501503
11873,0.82968354
11874,1.0627629
11875,1.1001767
11876,0.753198
11877,1.1094838
11878,1.3216871
11879,1.3511589
11880,1.3724833
11881,1.2717698
11882,1.2911621
11883,1.1275911
11884,0.7245691
11885,0.7965759
11886,1.1977673
11887,1.214637
11888,1.4378548
11889,1.4518237
11890,1.2717698
11891,1.4031793
11892,1.0391803
11893,1.2154466
11894,0.7494248
11895,1.324648
11896,0.9688946
11897,1.2871604
11898,1.0608191
11899,0.61765903
11900,1.1473608
11901,1.4146433
11902,0.84000516
11903,1.1442062
11904,1.1278163
11905,1.3526733
11906,1.2312499
11907,1.1246707
11908,0.582974
11909,1.3652482
11910,1.5608025
11911,1.1858581
11912,1.0608191
11913,1.2104648
11914,1.3674377
11915,1.1605527
11916,1.3162524
11917,1.0741222
11918,1.0621836
11919,1.0608191
11920,1.2805755
11921,1.281592
11922,0.99283504
11923,1.0608191
11924,1.0885241
11925,1.2967757
11926,1.4085662
11927,0.77362543
11928,1.2659281
11929,1.2717698
11930,1.4155742
11931,1.4287984
11932,1.0960857
11933,1.3109564
11934,1.399296
11935,1.4618089
11936,1.1801589
11937,1.154001
11938,1.0500809
11939,1.0608191
11940,1.4308591
11941,1.2291952
11942,0.75847703
11943,1.2231438
11944,1.2583563
11945,1.24328
11946,1.0271187
11947,1.0882374
11948,0.64532363
11949,0.82727945
11950,1.1055814
11951,1.3828554
11952,1.1442062
11953,1.4608911
11954,1.0558705
11955,1.2291952
11956,0.8925118
11957,1.4155409
11958,1.027061
11959,1.0905906
11960,0.80893755
11961,1.456897
11962,1.0608191
11963,1.1442062
11964,0.6783462
11965,0.77362543
11966,1.093776
11967,1.0647686
11968,1.4268047
11969,1.0994222
11970,1.0384953
11971,1.0882374
11972,1.0882374
11973,1.2673619
11974,1.2717698
11975,1.170557
11976,1.1442062
11977,0.76092917
11978,1.1468558
11979,1.2291952
11980,1.221235
11981,1.1296265
11982,1.2089323
11983,1.0187687
11984,1.457019
11985,1.1418592
11986,1.0608191
11987,1.0603995
11988,1.35667
11989,1.1599702
11990,1.2717698
11991,1.295873
11992,1.0896629
11993,1.1517495
11994,1.2524648
11995,1.0608191
11996,1.1264088
11997,1.0019306
11998,1.4618089
11999,0.7932542
12000,0.9480479
12001,1.0100931
12002,1.3470047
12003,1.0980837
12004,1.1834105
12005,1.3311243
12006,1.2717698
12007,1.2291952
12008,1.2657632
12009,1.2717698
12010,1.2071922
12011,1.2321473
12012,1.0694503
12013,1.1442062
12014,1.2692008
12015,0.8182932
12016,1.0645638
12017,1.1442062
12018,1.130264
12019,1.0554231
12020,1.1959448
12021,1.5281153
12022,0.76982695
12023,1.0119808
12024,1.0882374
12025,1.1442062
12026,1.2329209
12027,1.079309
12028,1.1530533
12029,1.3203247
12030,1.2307384
12031,0.7147014
12032,1.2085449
12033,1.1372857
12034,1.0882374
12035,1.2291952
12036,1.3041519
12037,1.0608191
12038,1.2717698
12039,1.2102689
12040,1.3594288
12041,1.2291952
12042,1.2717698
12043,1.288438
12044,1.0608191
12045,1.2519721
12046,1.1863877
12047,1.5918224
12048,1.1372857
12049,1.2231438
12050,1.152539
12051,1.3038881
12052,1.1111257
12053,1.0411749
12054,0.77236634
12055,1.2415547
12056,1.2081381
12057,1.0256344
12058,1.1437726
12059,0.7375891
12060,1.2717698
12061,1.1077794
12062,1.2291952
12063,1.0604475
12064,1.078231
12065,1.2473735
12066,1.4978355
12067,1.3144312
12068,1.0608191
12069,1.0277904
12070,0.7934334
12071,1.2861408
12072,1.0450836
12073,1.3396488
12074,1.1627202
12075,1.0882374
12076,1.0608191
12077,1.1791203
12078,1.2295485
12079,1.2140335
12080,1.1115402
12081,1.2717698
12082,1.3316622
12083,1.2717698
12084,1.2356759
12085,1.14147
12086,1.337431
12087,1.2717698
12088,1.2717698
12089,1.1652769
12090,1.2717698
12091,1.1057472
12092,1.1442062
12093,1.446675
12094,1.2251846
12095,1.2291952
12096,1.0668197
12097,1.4006279
12098,1.0666914
12099,1.1333302
12100,1.2305595
12101,1.057776
12102,1.3465767
12103,1.5180062
12104,1.1049383
12105,1.3429887
12106,1.256439
12107,1.0150185
12108,1.2291952
12109,1.2979784
12110,1.2783041
12111,0.80308247
12112,1.3118684
12113,1.0992467
12114,1.360836
12115,1.3641084
12116,1.3693638
12117,1.0882374
12118,1.1442062
12119,1.3006074
12120,1.2975595
12121,1.289986
12122,1.0882374
12123,1.2717698
12124,0.864445
12125,0.9655493
12126,1.2717698
12127,1.0675226
12128,1.4370224
12129,1.2291952
12130,1.076956
12131,1.3428324
12132,1.0882374
12133,0.76982695
12134,1.0320158
12135,1.2950742
12136,1.2717698
12137,1.3250384
12138,1.2219279
12139,1.1933813
12140,1.1688348
12141,1.3275578
12142,1.4094523
12143,1.1442062
12144,1.4748392
12145,0.77362543
12146,1.0608191
12147,1.1977671
12148,0.7957099
12149,1.0436189
12150,1.2312825
12151,1.3454387
12152,1.2743776
12153,0.7094951
12154,1.3425913
12155,1.2850697
12156,1.0608191
12157,0.77362543
12158,0.64806086
12159,1.153011
12160,1.2980261
12161,1.2728124
12162,1.4791489
12163,1.3026829
12164,1.2291952
12165,1.0608191
12166,1.0786468
12167,0.7011087
12168,1.1442062
12169,1.2717698
12170,1.2291952
12171,1.0233582
12172,1.1683041
12173,1.2717698
12174,1.1258736
12175,1.3094286
12176,1.2717698
12177,1.3434094
12178,1.1442062
12179,1.1608382
12180,0.88196546
12181,1.2663549
12182,1.2291952
12183,1.332083
12184,1.0680844
12185,1.4143624
12186,1.3005862
12187,1.3528402
12188,1.0608191
12189,1.1332718
12190,1.2717698
12191,0.75460285
12192,0.84934473
12193,1.4815432
12194,1.3020749
12195,1.2291952
12196,1.1911072
12197,1.4146672
12198,1.1392735
12199,1.2717698
12200,1.1442062
12201,1.2133672
12202,1.278547
12203,0.7898704
12204,1.0857122
12205,0.77362543
12206,1.2203536
12207,1.1429375
12208,0.8677241
12209,1.1442062
12210,1.0326979
12211,1.0650265
12212,1.4848157
12213,1.1486048
12214,1.0404446
12215,1.1408789
12216,1.1844019
12217,1.2685695
12218,1.2291952
12219,1.1275911
12220,0.90748596
12221,1.1153462
12222,1.4176323
12223,1.2717698
12224,1.055795
12225,1.3051372
12226,1.2291952
12227,1.2690029
12228,1.3174301
12229,1.2557199
12230,1.2378073
12231,1.320655
12232,1.1608664
12233,1.4467787
12234,1.2717698
12235,1.3287221
12236,1.0882374
12237,1.0914997
12238,1.2570171
12239,1.3512434
12240,0.9887505
12241,1.3454387
12242,1.1438322
12243,1.166838
12244,0.762111
12245,1.0608191
12246,1.1442062
12247,0.87517375
12248,1.0969397
12249,1.1627202
12250,1.6587576
12251,0.7927442
12252,1.131547
12253,1.3485032
12254,1.1716594
12255,1.2325124
12256,1.4525375
12257,1.3643302
12258,1.0608191
12259,1.2291952
12260,1.458028
12261,1.2717698
12262,1.1002302
12263,1.2637836
12264,1.2717698
12265,1.2717698
12266,1.1054275
12267,1.3290974
12268,1.1487141
12269,1.2291952
12270,1.0626564
12271,1.257287
12272,1.2717698
12273,1.0916005
12274,1.1854833
12275,1.122523
12276,1.2717698
12277,1.2717698
12278,1.1627202
12279,1.0325314
12280,1.0608191
12281,1.419805
12282,0.9931031
12283,0.6904643
12284,1.2717698
12285,1.1442062
12286,1.0229515
12287,1.2717698
12288,1.3333317
12289,1.3316622
12290,1.4014707
12291,1.1504859
12292,1.0872568
12293,1.3376882
12294,1.2231438
12295,1.0882374
12296,1.2717698
12297,1.2375808
12298,1.3695669
12299,1.1836997
12300,1.2482824
12301,1.2378073
12302,1.5084939
12303,1.4042791
12304,1.3726599
12305,1.4198235
12306,1.2289904
12307,0.77362543
12308,1.0763782
12309,1.3157904
12310,1.0223393
12311,1.0666914
12312,1.0623491
12313,1.1442062
12314,1.3487878
12315,1.0882374
12316,0.8918695
12317,1.4143624
12318,1.3162082
12319,1.0115744
12320,0.77362543
12321,1.2186993
12322,1.0608191
12323,1.0608191
12324,0.7550295
12325,1.0608191
12326,1.2291952
12327,1.0608191
12328,1.0918401
12329,1.2291952
12330,1.0882374
12331,1.1442062
12332,1.1442062
12333,1.1615889
12334,1.335929
12335,1.2717698
12336,1.3417602
12337,1.2291952
12338,1.0608191
12339,1.2137483
12340,1.5443445
12341,1.1556618
12342,1.2717698
12343,1.4684558
12344,1.057776
12345,1.2119707
12346,1.2728405
12347,1.1226612
12348,1.2685385
12349,1.313733
12350,1.2659281
12351,1.2995033
12352,1.2050681
12353,1.0882374
12354,1.3604306
12355,1.2231438
12356,0.8548267
12357,1.1442062
12358,1.2717698
12359,1.0782349
12360,1.1442062
12361,1.1526157
12362,1.3602633
12363,1.2717698
12364,1.4226915
12365,1.4777266
12366,1.295479
12367,1.2717698
12368,1.5391018
12369,0.7678846
12370,1.2305657
12371,1.5252469
12372,1.1908181
12373,1.2291952
12374,1.1442062
12375,1.2291952
12376,0.94780636
12377,1.1997291
12378,1.0645638
12379,1.3102309
12380,1.0608191
12381,0.701022
12382,1.0758903
12383,1.2291952
12384,1.2094421
12385,1.0577263
12386,0.77362543
12387,1.2717698
12388,1.1642395
12389,1.3287221
12390,1.4216412
12391,0.67259806
12392,0.67971754
12393,1.2717698
12394,1.2782812
12395,1.4256457
12396,1.0608191
12397,0.8900925
12398,1.4041924
12399,1.4143624
12400,1.2701858
12401,1.455337
12402,1.2619731
12403,1.448914
12404,0.90330106
12405,1.3334631
12406,1.3519741
12407,1.0776333
12408,1.3431284
12409,1.2017308
12410,1.2717698
12411,1.2460141
12412,1.3235699
12413,1.2291952
12414,1.0449826
12415,1.5397785
12416,1.0956776
12417,1.2717698
12418,1.3800015
12419,1.2291952
12420,1.2291952
12421,1.2717698
12422,1.2291952
12423,1.0876077
12424,1.2717698
12425,1.2717698
12426,1.1442062
12427,1.1508509
12428,1.0119808
12429,1.2616719
12430,1.2717698
12431,1.5063609
12432,1.287951
12433,1.2332146
12434,1.1846917
12435,1.0882374
12436,1.167752
12437,1.1475803
12438,1.2716185
12439,1.2053506
12440,1.1968173
12441,1.2805755
12442,0.77362543
12443,0.77362543
12444,1.2717698
12445,1.3428324
12446,0.72561395
12447,0.9690769
12448,1.2717698
12449,0.7708155
12450,1.2717698
12451,1.3446598
12452,1.0647686
12453,1.1252624
12454,1.3319955
12455,0.80172306
12456,1.0608191
12457,1.0182787
12458,1.0608191
12459,1.0863634
12460,1.055795
12461,1.2422026
12462,1.0366907
12463,1.2291952
12464,1.2717698
12465,1.2291952
12466,1.1442062
12467,1.3019875
12468,1.2717698
12469,0.7498745
12470,1.2750167
12471,1.2300869
12472,1.3463978
12473,1.057782
12474,1.332083
12475,1.2717698
12476,1.0608191
12477,1.2291952
12478,1.1159574
12479,1.3187797
12480,1.4153938
12481,1.0882374
12482,0.7216973
12483,1.1442062
12484,1.4128029
12485,1.0608191
12486,1.2717698
12487,0.94437927
12488,0.98706675
12489,1.0795244
12490,1.3966361
12491,1.1442062
12492,1.308476
12493,1.1982046
12494,1.133975
12495,1.3548361
12496,1.0161374
12497,1.1442062
12498,1.2469757
12499,1.1974725
12500,1.283258
12501,0.88619864
12502,1.0418519
12503,1.2292908
12504,1.2717698
12505,1.0882374
12506,1.0880163
12507,1.0882374
12508,1.2802546
12509,1.3806186
12510,1.0819843
12511,1.1442062
12512,1.1442062
12513,1.2206961
12514,0.9482739
12515,1.2717698
12516,0.77919024
12517,1.2717698
12518,1.1885297
12519,1.1902578
12520,1.1582282
12521,1.2388843
12522,1.3374705
12523,1.0422598
12524,1.0565791
12525,1.0207223
12526,1.2995375
12527,1.2861408
12528,1.308476
12529,1.0608191
12530,1.2717698
12531,1.0882374
12532,0.77362543
12533,1.141545
12534,1.2291952
12535,1.1937954
12536,1.0611614
12537,1.3674598
12538,1.1558868
12539,0.81820416
12540,1.3686364
12541,1.2291952
12542,1.1461821
12543,1.223894
12544,1.5135989
12545,0.68649197
12546,1.0938089
12547,1.1466936
12548,1.1442062
12549,1.0665146
12550,1.3666708
12551,0.7543418
12552,1.2206371
12553,1.2888942
12554,1.2717698
12555,1.1377479
12556,1.4155409
12557,0.808978
12558,1.0686512
12559,1.2418761
12560,1.3189005
12561,1.2291952
12562,1.194457
12563,1.0891774
12564,1.2021549
12565,1.4467897
12566,1.1361198
12567,1.222068
12568,1.3646024
12569,1.0608191
12570,1.2291952
12571,1.2291952
12572,1.3755542
12573,1.3032407
12574,1.0938171
12575,1.057776
12576,0.49109015
12577,1.2967757
12578,1.0608191
12579,1.153314
12580,1.132502
12581,1.2291952
12582,1.1925007
12583,1.2717698
12584,1.219098
12585,1.0608191
12586,1.1442062
12587,1.4315192
12588,1.4354444
12589,1.2592692
12590,1.2717698
12591,1.0874099
12592,1.1022952
12593,1.2583563
12594,0.61692744
12595,1.1442062
12596,0.674263
12597,1.2291952
12598,0.9501503
12599,1.2291952
12600,1.0758903
12601,1.0085093
12602,1.293595
12603,1.4094523
12604,1.3215902
12605,1.4155409
12606,1.1442062
12607,1.4457731
12608,0.78061914
12609,1.0608191
12610,1.2281567
12611,1.2275357
12612,1.3492023
12613,1.0719776
12614,1.4167739
12615,1.093076
12616,1.1551099
12617,1.1522107
12618,0.78792745
12619,1.4198235
12620,1.0119808
12621,1.1996104
12622,1.1911603
12623,1.0689199
12624,1.0233254
12625,1.3606344
12626,1.0608191
12627,1.4909532
12628,1.2888942
12629,1.3032407
12630,1.4133683
12631,0.9450658
12632,1.1998577
12633,1.3314275
12634,1.4677534
12635,1.4728982
12636,1.2607733
12637,1.1442062
12638,1.2717698
12639,1.3588032
12640,1.0644944
12641,1.0706346
12642,1.2291952
12643,1.1430792
12644,1.2624587
12645,1.4423729
12646,1.2717698
12647,1.2291952
12648,1.2717698
12649,0.9099532
12650,1.2291952
12651,1.0431982
12652,1.2717698
12653,1.1763817
12654,0.77362543
12655,1.0639923
12656,1.1778545
12657,1.0559493
12658,1.2717698
12659,1.0608191
12660,1.1442062
12661,1.2814432
12662,0.9946275
12663,0.9363098
12664,1.0608191
12665,1.1275911
12666,1.1688392
12667,1.2291952
12668,1.242184
12669,0.9437989
12670,1.0608191
12671,1.2717698
12672,1.3470047
12673,1.3609529
12674,0.70744646
12675,1.0249274
12676,1.1296265
12677,0.830149
12678,1.2181897
12679,1.281034
12680,1.308476
12681,1.0667485
12682,1.4086355
12683,1.0005381
12684,1.446675
12685,1.2717698
12686,1.0492991
12687,1.1174536
12688,1.2641444
12689,1.03952
12690,1.138687
12691,1.2717698
12692,1.3811643
12693,0.7492001
12694,1.1758184
12695,1.2291952
12696,1.383242
12697,1.17313
12698,1.2980261
12699,1.222068
12700,1.3287221
12701,1.2635978
12702,1.1442062
12703,1.4360852
12704,0.6898077
12705,1.3371964
12706,1.1801589
12707,0.81204003
12708,1.3774123
12709,1.1057472
12710,1.2717698
12711,1.1327332
12712,1.0314642
12713,0.97056526
12714,1.0012902
12715,1.2517987
12716,1.2685695
12717,1.2717698
12718,0.77362543
12719,1.2685385
12720,1.203804
12721,1.3551028
12722,0.78404045
12723,1.1634417
12724,1.1194227
12725,1.083184
12726,1.1279546
12727,1.1761754
12728,1.4474757
12729,1.2492467
12730,1.0608191
12731,0.99577504
12732,1.2105881
12733,1.3461263
12734,1.1232764
12735,0.9926336
12736,1.0882374
12737,1.5207973
12738,0.97859764
12739,1.1082008
12740,1.2558062
12741,1.5931332
12742,0.8447641
12743,1.3364738
12744,1.4224546
12745,0.77362543
12746,1.2717698
12747,1.0813699
12748,1.416635
12749,0.77563083
12750,1.2717698
12751,1.4147786
12752,1.1929438
12753,1.0220904
12754,1.4789463
12755,1.1706784
12756,1.3889437
12757,1.1442062
12758,1.2291952
12759,1.2291952
12760,1.0713892
12761,1.1002469
12762,1.0186201
12763,0.8047775
12764,1.247491
12765,1.2717698
12766,1.0882374
12767,1.3808521
12768,1.0608191
12769,1.3978717
12770,1.2050875
12771,1.2779217
12772,1.2717698
12773,1.2717227
12774,1.0632715
12775,1.3336138
12776,0.6940645
12777,1.0625144
12778,1.1019093
12779,1.2717698
12780,1.2291952
12781,1.4506032
12782,0.96841085
12783,1.1343766
12784,1.2581455
12785,1.0549957
12786,1.3509948
12787,1.477863
12788,1.1443491
12789,1.2717698
12790,1.1207275
12791,1.2717698
12792,1.1442062
12793,1.0956776
12794,1.2928662
12795,1.0608191
12796,1.2466599
12797,1.2166046
12798,1.2717698
12799,1.2035354
12800,1.0639048
12801,1.0211545
12802,1.0922958
12803,1.0667485
12804,0.8403084
12805,0.84495217
12806,1.0674027
12807,1.1796693
12808,1.3450401
12809,0.72457576
12810,1.0641159
12811,1.1442062
12812,0.55119896
12813,1.2717698
12814,1.4116793
12815,1.1138282
12816,1.1409932
12817,1.1841706
12818,1.314612
12819,1.0608191
12820,1.1977671
12821,1.1056534
12822,1.2888942
12823,1.2359165
12824,1.3431436
12825,0.69240904
12826,1.3694835
12827,1.2717698
12828,0.777155
12829,1.3908256
12830,1.2909529
12831,1.0608191
12832,1.2717698
12833,0.585034
12834,1.2346864
12835,1.2464265
12836,1.0516385
12837,1.3992183
12838,0.77362543
12839,1.0371886
12840,1.0608191
12841,1.3316622
12842,1.0083803
12843,1.415439
12844,1.1407727
12845,1.1846689
12846,1.0376025
12847,1.3208973
12848,1.1442062
12849,1.2291952
12850,1.4677534
12851,1.4143624
12852,1.2291952
12853,0.68015933
12854,1.0903853
12855,1.0608191
12856,1.1687213
12857,1.4311135
12858,1.1252124
12859,1.299828
12860,1.130264
12861,1.2733577
12862,1.2659281
12863,1.1766702
12864,1.3317955
12865,0.8385839
12866,1.0608191
12867,1.2717698
12868,1.0977812
12869,1.0276449
12870,1.1019678
12871,1.0990174
12872,1.2027471
12873,1.3287221
12874,1.2291952
12875,1.2771324
12876,0.805617
12877,1.2575667
12878,1.3089815
12879,0.8529936
12880,1.2717698
12881,1.4534158
12882,1.186046
12883,1.0640354
12884,1.221235
12885,1.2489254
12886,1.0178254
12887,1.4360852
12888,1.0833637
12889,1.2291952
12890,1.0695847
12891,1.320655
12892,1.0514718
12893,1.2756015
12894,1.3319955
12895,1.0882374
12896,0.9296022
12897,1.0337439
12898,1.0695847
12899,0.7812169
12900,1.2717698
12901,1.3308634
12902,1.2717698
12903,1.149213
12904,0.9595722
12905,1.1442062
12906,1.081441
12907,1.1224262
12908,1.1395016
12909,1.0608191
12910,1.0608191
12911,1.2717698
12912,1.4133513
12913,0.77362543
12914,1.4342762
12915,1.1563822
12916,1.0608191
12917,1.2936625
12918,1.106743
12919,0.77362543
12920,1.0608191
12921,1.2659382
12922,1.2291952
12923,1.2291952
12924,1.0524074
12925,1.0237046
12926,1.122838
12927,0.5926278
12928,1.3179227
12929,1.2717698
12930,0.8107822
12931,0.9388577
12932,0.95371664
12933,1.2717698
12934,1.1442062
12935,1.0608191
12936,1.3192605
12937,0.58654433
12938,1.1251445
12939,1.2291952
12940,1.1691922
12941,1.1442062
12942,0.92618173
12943,1.2292387
12944,1.231073
12945,1.2961015
12946,0.918526
12947,1.2291952
12948,1.2717698
12949,1.2640666
12950,1.1638592
12951,1.2717698
12952,0.9819493
12953,1.3568718
12954,1.2717698
12955,1.2717698
12956,1.3126899
12957,1.2291952
12958,1.1473608
12959,1.5185834
12960,0.99083656
12961,1.3616437
12962,1.0471509
12963,0.6611572
12964,1.237677
12965,1.2295061
12966,1.1690956
12967,1.3373978
12968,1.2717698
12969,1.2712024
12970,1.2291952
12971,1.0135592
12972,0.97938675
12973,1.4743017
12974,1.1503156
12975,1.2460141
12976,1.1442062
12977,1.2717698
12978,1.1852261
12979,1.1442062
12980,1.0608191
12981,0.7229756
12982,1.066491
12983,1.2717698
12984,1.278611
12985,1.3509948
12986,1.0608191
12987,1.4113835
12988,1.2339154
12989,1.4155742
12990,1.1356245
12991,1.1007657
12992,1.2291952
12993,0.86049163
12994,1.3182716
12995,1.2291952
12996,1.2717698
12997,0.69262224
12998,1.2717698
12999,1.2717698
13000,1.186264
13001,1.0365832
13002,0.9952601
13003,1.2332336
13004,1.2717698
13005,1.2659281
13006,1.0882374
13007,1.2717698
13008,1.0971564
13009,1.2316784
13010,1.1313081
13011,1.0608191
13012,1.4625323
13013,1.0882374
13014,1.3038045
13015,0.93941563
13016,1.111954
13017,0.99279976
13018,1.1056534
13019,1.1442062
13020,1.1863877
13021,1.2717698
13022,1.471793
13023,0.7251998
13024,1.0216982
13025,1.2913741
13026,1.0432487
13027,1.2995033
13028,1.0639048
13029,1.1442062
13030,1.2657963
13031,1.2717698
13032,1.327997
13033,1.3254987
13034,1.2291952
13035,1.2291952
13036,1.4494007
13037,1.1442062
13038,1.2717698
13039,1.0639048
13040,1.319591
13041,1.2291952
13042,1.2769816
13043,1.3309094
13044,1.2000309
13045,1.0999511
13046,1.2717698
13047,1.0717146
13048,1.3105805
13049,1.2291952
13050,0.8471256
13051,1.2717698
13052,1.1442062
13053,0.74913
13054,1.0608191
13055,1.2929989
13056,0.76995546
13057,1.2553574
13058,1.0983232
13059,1.2291952
13060,0.8414829
13061,1.2717698
13062,1.2717698
13063,1.0608191
13064,1.4421179
13065,1.1514482
13066,1.2963423
13067,1.3043594
13068,1.0630832
13069,1.1974021
13070,1.0608191
13071,0.77362543
13072,0.77362543
13073,1.4114301
13074,0.77362543
13075,1.3319955
13076,0.87493175
13077,1.4055158
13078,1.4329151
13079,1.3773348
13080,1.2442418
13081,1.2112294
13082,1.0608191
13083,0.8835039
13084,0.7394577
13085,0.9272999
13086,1.1670254
13087,1.0576439
13088,1.2995033
13089,1.0608191
13090,1.0608191
13091,1.2291952
13092,1.3326949
13093,1.3365127
13094,1.3198594
13095,1.2893993
13096,1.2429938
13097,1.1846076
13098,1.4905307
13099,0.9068401
13100,1.1840197
13101,1.3346587
13102,1.2917197
13103,1.4006097
13104,1.3444015
13105,1.081737
13106,1.3112289
13107,0.6732187
13108,0.77362543
13109,1.2814432
13110,1.338139
13111,1.2717698
13112,1.2587517
13113,1.2291952
13114,1.2717698
13115,1.0620421
13116,1.2485504
13117,1.168103
13118,1.0608191
13119,1.0983349
13120,1.0429134
13121,1.0431293
13122,1.0608191
13123,1.0686512
13124,0.90076065
13125,0.7947938
13126,1.215313
13127,1.2573844
13128,1.1468558
13129,1.5207368
13130,1.0608191
13131,0.80701435
13132,1.1823758
13133,1.3018454
13134,1.0998869
13135,1.2419336
13136,0.7661338
13137,1.3425913
13138,1.3287221
13139,0.8496337
13140,1.2943809
13141,0.68085563
13142,1.2157224
13143,1.0608191
13144,1.3319955
13145,0.9900795
13146,1.3254862
13147,1.2717698
13148,1.2056098
13149,1.190187
13150,1.2291952
13151,0.9972637
13152,1.2105392
13153,1.2853062
13154,1.2497996
13155,1.3922604
13156,0.93851084
13157,0.9179362
13158,1.4277394
13159,1.3485032
13160,1.2717698
13161,1.3321351
13162,1.1376437
13163,1.1809171
13164,1.3458782
13165,1.1977673
13166,1.0699611
13167,1.2717698
13168,0.92904884
13169,0.77362543
13170,1.3759073
13171,1.2707312
13172,1.2717698
13173,1.2206371
13174,1.3557373
13175,1.1430792
13176,1.1383786
13177,1.339439
13178,1.1841706
13179,1.0639048
13180,1.0632606
13181,0.9990055
13182,1.2635978
13183,1.303695
13184,1.3430012
13185,1.2717698
13186,1.1974021
13187,1.0639048
13188,1.051678
13189,1.2227132
13190,1.2830889
13191,1.2793555
13192,1.2291952
13193,1.0411115
13194,1.2717698
13195,1.2556605
13196,1.1388216
13197,1.1442062
13198,0.95043695
13199,1.0034045
13200,1.2325124
13201,1.2232313
13202,0.9864229
13203,1.3653928
13204,1.3052418
13205,0.97045654
13206,1.481419
13207,0.6614531
13208,0.73162013
13209,1.2815701
13210,1.2717698
13211,1.5042006
13212,1.0640574
13213,1.1587646
13214,1.3690641
13215,0.9559642
13216,1.2717268
13217,1.2717698
13218,1.3684745
13219,1.1376736
13220,1.0608191
13221,1.4169233
13222,1.2702893
13223,1.2291952
13224,1.219032
13225,1.0639048
13226,1.156675
13227,1.2691308
13228,1.2943809
13229,1.2879709
13230,1.3439592
13231,1.1948291
13232,1.2888942
13233,1.415439
13234,1.0608191
13235,1.031756
13236,1.1190337
13237,1.0293716
13238,1.1718922
13239,0.7398386
13240,1.2717698
13241,0.9651946
13242,1.1442062
13243,1.2781105
13244,1.0358857
13245,1.3666209
13246,1.3438348
13247,1.1442062
13248,1.2717698
13249,1.2291952
13250,1.2717698
13251,1.1441939
13252,1.1920899
13253,1.0002322
13254,1.4839092
13255,1.3636302
13256,1.3091432
13257,1.4585556
13258,0.91245365
13259,1.1858581
13260,1.0813699
13261,1.3516976
13262,1.0177596
13263,1.2717698
13264,1.0882374
13265,1.1892571
13266,1.0649298
13267,1.0835534
13268,0.99308646
13269,1.1232034
13270,1.1325145
13271,1.1441303
13272,1.1703137
13273,1.2645972
13274,1.2964059
13275,1.3545793
13276,1.2291952
13277,1.203371
13278,1.0608191
13279,1.078439
13280,1.1491756
13281,1.3447715
13282,1.46892
13283,0.94084793
13284,1.23664
13285,1.3319955
13286,1.2053506
13287,1.5900365
13288,1.332796
13289,1.449174
13290,1.2728837
13291,1.0324873
13292,0.9145833
13293,1.2291952
13294,1.3422434
13295,1.5284387
13296,1.38641
13297,0.97453946
13298,1.3453486
13299,1.0608191
13300,0.7498676
13301,1.2717698
13302,1.1108444
13303,1.1288496
13304,1.1902705
13305,1.2291952
13306,1.4772604
13307,1.0990174
13308,1.3693361
13309,1.2717698
13310,1.0388087
13311,0.7342038
13312,1.2717698
13313,0.69849473
13314,0.6398011
13315,1.0882374
13316,1.2305657
13317,1.1348906
13318,1.2670972
13319,1.2717698
13320,1.1442062
13321,1.0660682
13322,1.0421422
13323,1.132083
13324,0.97653794
13325,1.0775541
13326,1.3792248
13327,1.1251061
13328,1.2717698
13329,0.7177111
13330,1.2514962
13331,0.7789158
13332,1.0882374
13333,1.3814291
13334,1.1212494
13335,1.3109797
13336,1.0882374
13337,1.4174815
13338,1.3393269
13339,0.77362543
13340,1.149533
13341,1.0061251
13342,1.03952
13343,1.0558705
13344,0.7965759
13345,1.2370627
13346,1.1483544
13347,1.1442062
13348,1.2138228
13349,1.2717698
13350,1.25047
13351,1.3055568
13352,1.2717698
13353,1.1796693
13354,1.458348
13355,1.1756651
13356,1.0882374
13357,1.4226915
13358,0.5478832
13359,1.1557043
13360,1.0104386
13361,1.494379
13362,1.2291952
13363,1.0608191
13364,0.77362543
13365,1.2717698
13366,1.2633538
13367,0.9664276
13368,1.2717698
13369,1.0182903
13370,1.0502741
13371,1.0608191
13372,0.762111
13373,1.4443322
13374,0.71172845
13375,1.0882374
13376,1.3947608
13377,1.2291952
13378,1.2291952
13379,1.2822727
13380,1.4360852
13381,0.89623505
13382,1.2717698
13383,1.323338
13384,1.0083399
13385,1.5961896
13386,1.2717698
13387,1.1535976
13388,0.7712321
13389,1.1960559
13390,1.3409663
13391,1.2556876
13392,1.2717698
13393,1.1514896
13394,1.2291952
13395,1.2660736
13396,1.0913917
13397,1.1519293
13398,1.1395417
13399,1.3051372
13400,1.2717698
13401,1.0456228
13402,1.0190773
13403,1.2717698
13404,0.8935331
13405,1.2717698
13406,1.1067098
13407,1.0969987
13408,1.3018454
13409,1.2835834
13410,1.308476
13411,1.2717698
13412,1.2752047
13413,1.0608191
13414,1.4759622
13415,1.2364205
13416,1.221235
13417,1.1442062
13418,1.3105571
13419,1.300664
13420,1.0813338
13421,1.1883143
13422,1.0884775
13423,1.0776333
13424,1.1920899
13425,0.9647903
13426,1.2291952
13427,1.0964408
13428,1.2802546
13429,1.3319955
13430,1.2717698
13431,1.2867402
13432,1.3507729
13433,1.0230771
13434,1.2484388
13435,0.75094074
13436,0.79814273
13437,1.2717698
13438,0.7760557
13439,1.1868327
13440,1.2291952
13441,1.4248918
13442,1.2717698
13443,1.3857263
13444,1.088538
13445,1.0460079
13446,1.1242096
13447,1.342818
13448,1.0608191
13449,1.1282603
13450,1.2702088
13451,1.2717698
13452,1.4726452
13453,0.92996967
13454,1.1892571
13455,1.1442062
13456,1.3364006
13457,0.77362543
13458,1.1767561
13459,1.2717698
13460,1.2291952
13461,1.2058249
13462,1.2717698
13463,1.2717698
13464,1.4564432
13465,1.383242
13466,1.2717698
13467,1.3330423
13468,1.2291952
13469,1.0608191
13470,0.74737716
13471,0.6030786
13472,1.5958495
13473,1.2187023
13474,1.625544
13475,1.0608191
13476,1.4331782
13477,1.3868643
13478,1.1442062
13479,1.1442062
13480,1.1703137
13481,0.4259914
13482,1.1007527
13483,1.2291952
13484,0.7751823
13485,1.2798874
13486,1.1326598
13487,1.4163978
13488,1.0608191
13489,1.0411155
13490,0.88528425
13491,1.2717698
13492,1.3603302
13493,0.7719683
13494,1.306609
13495,1.1004685
13496,1.3043137
13497,1.2308846
13498,1.130652
13499,1.2467703
13500,0.77362543
13501,1.0646509
13502,1.3032336
13503,1.2689573
13504,1.042993
13505,1.0882374
13506,1.0640574
13507,1.1442062
13508,1.3254102
13509,1.0785108
13510,0.77362543
13511,1.288023
13512,1.3017972
13513,1.0627629
13514,1.3366079
13515,1.1442062
13516,1.3306359
13517,1.3526733
13518,1.0276482
13519,0.762111
13520,1.0639923
13521,0.9534965
13522,1.1446912
13523,1.43457
13524,1.361834
13525,1.0805594
13526,1.1442062
13527,0.77362543
13528,1.0882374
13529,1.2898973
13530,1.0598234
13531,1.1442062
13532,1.0882374
13533,1.3517795
13534,1.3109564
13535,1.326027
13536,1.0699581
13537,1.2717698
13538,1.1056534
13539,1.2763965
13540,1.2196437
13541,1.1280396
13542,1.0075231
13543,1.1961315
13544,1.1854833
13545,1.1928433
13546,1.1892571
13547,1.2717698
13548,1.041447
13549,1.2291497
13550,1.3141156
13551,1.2717698
13552,1.0069809
13553,1.1642395
13554,0.97123355
13555,1.4754685
13556,1.2291952
13557,1.2786899
13558,1.0346768
13559,1.4075196
13560,1.0608191
13561,1.0589426
13562,0.76595914
13563,1.2530754
13564,0.9859338
13565,1.0280908
13566,1.1858581
13567,1.3121284
13568,1.121869
13569,1.2747008
13570,0.69154066
13571,1.2028738
13572,1.227962
13573,1.0663397
13574,1.189761
13575,1.1442062
13576,1.2291952
13577,1.3695669
13578,0.9549127
13579,0.58721966
13580,1.1875321
13581,1.2298223
13582,1.0672776
13583,0.57470864
13584,1.1442062
13585,1.0614257
13586,1.0674447
13587,1.0882374
13588,0.79508805
13589,1.0608191
13590,1.5171999
13591,1.0080656
13592,1.1183461
13593,1.0312856
13594,1.1333302
13595,0.65501046
13596,1.2717698
13597,1.4181412
13598,0.931451
13599,1.3576137
13600,1.227962
13601,0.8432653
13602,1.3223133
13603,1.2291952
13604,1.2776546
13605,1.2826883
13606,1.4205033
13607,1.1271032
13608,0.7521346
13609,1.2717698
13610,1.0608191
13611,1.075761
13612,1.1945835
13613,0.6291778
13614,1.0608191
13615,1.4308591
13616,1.1239187
13617,1.1872716
13618,1.3453486
13619,1.2717698
13620,1.0632715
13621,1.4166132
13622,1.4774885
13623,1.0608191
13624,1.2717698
13625,1.2693949
13626,1.3126899
13627,0.34901035
13628,1.0813338
13629,1.256439
13630,1.0608191
13631,1.1649294
13632,0.627912
13633,1.3462981
13634,0.99735653
13635,1.1442062
13636,1.0608191
13637,1.0741222
13638,1.321861
13639,1.1442062
13640,1.2717698
13641,1.3345252
13642,1.2373129
13643,1.4155409
13644,1.4972234
13645,0.8188962
13646,1.2944806
13647,1.0809932
13648,0.77362543
13649,1.2291952
13650,1.2473735
13651,1.5207368
13652,1.2119956
13653,1.0943305
13654,1.0630832
13655,1.2717698
13656,1.477222
13657,1.2291952
13658,1.4806538
13659,1.1370173
13660,1.34061
13661,1.1442062
13662,1.0554724
13663,1.2717698
13664,1.0805594
13665,1.2717698
13666,1.3208724
13667,0.77370924
13668,1.2463788
13669,1.2717698
13670,1.2717698
13671,0.73275506
13672,1.0944469
13673,1.3428324
13674,0.7723965
13675,1.3691516
13676,0.75821877
13677,1.0608191
13678,1.0825092
13679,1.1442062
13680,1.5471622
13681,1.2717698
13682,1.2291952
13683,1.4159453
13684,1.4146672
13685,1.2291952
13686,1.1623788
13687,1.2291952
13688,1.3287221
13689,1.2941996
13690,1.2291952
13691,1.4752889
13692,1.2291952
13693,0.8965101
13694,1.1450585
13695,1.2291952
13696,1.1395417
13697,1.2774316
13698,0.77362543
13699,1.2717698
13700,1.2579416
13701,1.4153938
13702,1.2717698
13703,1.0707768
13704,1.1783024
13705,0.78022254
13706,1.1523451
13707,1.1356682
13708,1.2717698
13709,0.9394605
13710,1.0621929
13711,1.1133049
13712,1.0700415
13713,1.0943539
13714,0.5437122
13715,1.1056534
13716,1.1976677
13717,1.5591869
13718,1.1442062
13719,1.0017302
13720,1.3105805
13721,1.0608191
13722,1.018264
13723,1.163201
13724,1.2226295
13725,1.0543207
13726,0.7226589
13727,1.2717698
13728,1.2859608
13729,1.1957364
13730,1.2706487
13731,1.2244394
13732,1.3951726
13733,1.41665
13734,1.0608191
13735,1.2291952
13736,1.3319955
13737,1.346854
13738,1.2291952
13739,1.0593762
13740,1.4285085
13741,1.0882374
13742,0.9755464
13743,1.2698703
13744,1.2717698
13745,0.77362543
13746,1.1519583
13747,1.276544
13748,1.1899263
13749,1.305283
13750,1.2717698
13751,1.0882374
13752,1.1811125
13753,1.2896867
13754,1.2456398
13755,1.2302624
13756,1.1394099
13757,1.3707389
13758,1.1442062
13759,1.1442062
13760,1.1355565
13761,1.2717596
13762,1.2139614
13763,1.0516403
13764,1.4916738
13765,1.3858422
13766,0.9561306
13767,1.3538074
13768,1.2717698
13769,0.80883026
13770,1.5300071
13771,1.4743017
13772,1.1492451
13773,1.4837638
13774,1.3414661
13775,0.6528571
13776,1.2458161
13777,1.2717698
13778,1.134946
13779,1.2291952
13780,1.0469072
13781,1.1376733
13782,1.2503494
13783,1.0632606
13784,1.0608191
13785,1.2291952
13786,1.4055533
13787,1.35111
13788,1.5008804
13789,1.2717698
13790,0.85608524
13791,1.1634187
13792,1.4117528
13793,1.1765773
13794,1.1693358
13795,1.228275
13796,1.0418519
13797,1.2291952
13798,1.1399288
13799,1.285115
13800,1.0894068
13801,1.348999
13802,1.2717698
13803,1.2743776
13804,1.0419657
13805,1.2325124
13806,1.1954243
13807,1.227689
13808,1.0902388
13809,1.3008765
13810,1.3485711
13811,0.70401657
13812,0.62830603
13813,1.1012977
13814,1.1172833
13815,1.2024995
13816,1.2648323
13817,1.1526157
13818,1.192072
13819,1.1249636
13820,1.2941085
13821,1.4265345
13822,1.2717698
13823,1.374108
13824,1.3519629
13825,1.2549716
13826,1.0608191
13827,1.1672986
13828,1.5317518
13829,1.1550372
13830,0.88153315
13831,1.137061
13832,1.1442062
13833,1.3109564
13834,1.3803339
13835,1.0882374
13836,1.2717698
13837,1.1728036
13838,1.3272214
13839,1.1630757
13840,1.2030634
13841,1.0391418
13842,1.1442062
13843,1.0685836
13844,1.1760858
13845,1.1439266
13846,1.0704468
13847,1.2208022
13848,1.2436392
13849,1.2305595
13850,1.1146634
13851,0.8835039
13852,1.1209211
13853,1.119007
13854,1.0608191
13855,1.1442062
13856,0.9765618
13857,1.4094523
13858,1.1092203
13859,1.269002
13860,1.228275
13861,1.0590082
13862,1.3350086
13863,1.0668197
13864,1.0582496
13865,1.1020302
13866,1.3979998
13867,1.1829581
13868,1.0606883
13869,1.2717698
13870,1.142638
13871,1.3366416
13872,0.8378362
13873,1.0608191
13874,1.274456
13875,1.2291952
13876,1.2717698
13877,1.2717698
13878,1.3566204
13879,1.1442062
13880,1.0608191
13881,1.4650476
13882,1.3051372
13883,1.1348612
13884,1.4810128
13885,0.7093444
13886,1.0882374
13887,1.2728837
13888,1.1974903
13889,1.1573534
13890,1.0541356
13891,1.2743776
13892,0.7850847
13893,1.4110475
13894,1.2210675
13895,1.2717698
13896,1.2291952
13897,1.2059432
13898,1.2291952
13899,1.288023
13900,1.5170261
13901,1.2257605
13902,1.2355356
13903,0.9529846
13904,1.3489157
13905,1.1784263
13906,1.463574
13907,1.1289372
13908,0.71312726
13909,1.3208973
13910,1.1977671
13911,0.7723136
13912,1.184917
13913,1.3356239
13914,0.6415249
13915,1.0131903
13916,1.352006
13917,0.676487
13918,1.0882374
13919,1.5580047
13920,1.2717698
13921,1.0641159
13922,1.1582974
13923,1.2944307
13924,1.131724
13925,0.7305729
13926,1.2460141
13927,1.3405699
13928,0.5883502
13929,1.2586398
13930,1.3031154
13931,1.427023
13932,1.0362792
13933,0.7749479
13934,1.4743017
13935,1.0297686
13936,1.2717698
13937,1.3231703
13938,1.1138748
13939,1.4361424
13940,1.1431165
13941,1.2291952
13942,1.1256579
13943,1.0914211
13944,1.2244394
13945,1.3966361
13946,1.0182787
13947,1.1486645
13948,1.4582912
13949,1.1442062
13950,1.3707389
13951,1.0882374
13952,1.2607006
13953,1.2291952
13954,1.5475008
13955,1.1752518
13956,1.2717698
13957,1.6404735
13958,1.0608191
13959,1.0483692
13960,1.227689
13961,1.3789005
13962,1.2717698
13963,1.1337761
13964,1.009761
13965,1.0695362
13966,0.64248073
13967,1.3683624
13968,1.2670139
13969,1.2670139
13970,1.2982944
13971,1.3611859
13972,1.0608191
13973,1.4070517
13974,1.3229158
13975,1.1818247
13976,1.4441864
13977,1.1763642
13978,1.1984528
13979,1.2291952
13980,1.2500407
13981,1.0687889
13982,1.3271234
13983,1.2291952
13984,1.2442307
13985,1.1974903
13986,1.2928662
13987,1.0948843
13988,0.6773415
13989,1.43501
13990,1.4208026
13991,1.2861408
13992,1.4513332
13993,1.2717698
13994,1.0857122
13995,1.0608191
13996,0.68750083
13997,1.2717698
13998,1.2964059
13999,1.0862423
14000,1.1442062
14001,0.9997525
14002,1.3287221
14003,0.61776865
14004,0.65248924
14005,0.97226244
14006,1.0187687
14007,1.2717698
14008,1.589167
14009,1.4119483
14010,1.2717698
14011,1.2707312
14012,1.0146948
14013,1.221235
14014,1.3469017
14015,1.14441
14016,1.2717698
14017,1.2717698
14018,1.4714113
14019,1.2884812
14020,0.8523024
14021,1.2460141
14022,1.0608191
14023,1.1592088
14024,1.2291952
14025,0.77362543
14026,1.4513476
14027,1.288128
14028,1.1442062
14029,1.2717698
14030,1.314081
14031,1.1442062
14032,1.0051037
14033,1.2291952
14034,0.6840106
14035,0.847536
14036,1.4920712
14037,0.9892324
14038,1.2717698
14039,1.0949955
14040,1.1583693
14041,1.0442693
14042,1.1388777
14043,1.3115373
14044,1.0882374
14045,1.3568718
14046,1.2717698
14047,0.8630831
14048,1.2291952
14049,1.1662905
14050,1.4253341
14051,1.0356635
14052,1.2059432
14053,1.2611433
14054,1.1954243
14055,0.8534482
14056,1.2291952
14057,1.1974725
14058,1.46892
14059,1.2871604
14060,1.2717698
14061,1.0100931
14062,1.3032336
14063,0.77362543
14064,1.0598234
14065,1.0651644
14066,0.77362543
14067,1.2419739
14068,0.8839869
14069,1.0001222
14070,1.4531657
14071,1.1720372
14072,1.1442062
14073,1.1605527
14074,1.0437229
14075,1.4206073
14076,1.2290405
14077,0.9974017
14078,1.0959605
14079,1.1390496
14080,1.096194
14081,1.0639048
14082,1.1106632
14083,1.3665308
14084,1.25984
14085,1.3126899
14086,1.2717698
14087,1.0916847
14088,1.0613048
14089,1.0608191
14090,1.0171962
14091,1.4430575
14092,1.227962
14093,1.0882374
14094,1.281592
14095,0.71016294
14096,1.073648
14097,1.0604558
14098,1.0608191
14099,1.0786043
14100,1.0987606
14101,1.0608191
14102,1.2291952
14103,1.1442062
14104,1.3584449
14105,1.038401
14106,1.2066224
14107,1.3680774
14108,1.2717698
14109,1.3032805
14110,1.3018454
14111,1.2717698
14112,1.4060187
14113,1.3286994
14114,1.1034281
14115,1.2717698
14116,0.50905544
14117,1.0429968
14118,0.8757482
14119,1.0867469
14120,0.67208475
14121,1.0828347
14122,1.1946621
14123,1.0608191
14124,1.3308787
14125,1.3966361
14126,1.080023
14127,1.2266533
14128,1.0599838
14129,1.1392888
14130,1.3619736
14131,0.46285146
14132,1.0740947
14133,1.2370627
14134,1.2717698
14135,1.1376437
14136,1.3351164
14137,1.1767561
14138,1.188176
14139,1.3755773
14140,1.0639048
14141,1.538816
14142,1.0608191
14143,1.0247864
14144,1.0608191
14145,0.7515718
14146,1.1417137
14147,1.2229596
14148,1.2913718
14149,1.0911088
14150,1.4015435
14151,1.1973827
14152,1.2665675
14153,0.7183365
14154,1.2291497
14155,0.78322214
14156,1.5602392
14157,1.2871604
14158,1.2231438
14159,1.0608191
14160,1.1442062
14161,0.7619671
14162,1.3358359
14163,1.1971
14164,1.0680271
14165,1.0944469
14166,1.2520841
14167,1.233027
14168,1.0776333
14169,1.494859
14170,1.0648128
14171,1.0608191
14172,1.2716185
14173,1.3003353
14174,1.2717698
14175,1.1518853
14176,1.057776
14177,1.2835834
14178,1.3456349
14179,1.1442062
14180,0.88619864
14181,1.110775
14182,1.0244648
14183,1.3585081
14184,0.42569003
14185,1.110895
14186,0.9549127
14187,1.2717698
14188,1.2291952
14189,0.7523068
14190,1.2717698
14191,1.2087368
14192,1.0885732
14193,1.406599
14194,1.2704726
14195,1.1966518
14196,0.58654433
14197,0.77362543
14198,1.2291952
14199,1.1871655
14200,1.3109564
14201,0.9345297
14202,1.1746529
14203,1.0639048
14204,1.0400561
14205,0.8780879
14206,1.3594235
14207,1.3432786
14208,1.1471227
14209,1.0608191
14210,1.3311002
14211,1.2120516
14212,1.2385759
14213,1.0770185
14214,1.0526181
14215,1.2291952
14216,0.77072865
14217,1.2717698
14218,1.3187797
14219,1.2291952
14220,1.0624341
14221,1.1442062
14222,1.1203536
14223,1.0608191
14224,1.2717698
14225,0.7183365
14226,1.0481976
14227,1.3051372
14228,1.0608191
14229,0.77362543
14230,1.3287221
14231,1.2717698
14232,0.5896082
14233,1.1515695
14234,0.7427973
14235,0.74574786
14236,1.2291952
14237,1.2717698
14238,1.2450494
14239,1.2291952
14240,1.2717698
14241,1.3851123
14242,1.1376363
14243,1.1534634
14244,1.2476312
14245,1.1267556
14246,1.1474845
14247,1.1001658
14248,1.3868643
14249,1.1737244
14250,1.0044256
14251,1.2404151
14252,0.9736428
14253,1.0915289
14254,1.2398936
14255,1.2145844
14256,1.2285507
14257,1.2291952
14258,1.2291952
14259,1.3428324
14260,1.2717698
14261,1.3615304
14262,1.3072907
14263,1.2614411
14264,0.7997236
14265,1.2717698
14266,1.0608191
14267,1.3254862
14268,1.1288496
14269,1.0415202
14270,0.83233064
14271,1.3618592
14272,1.3446598
14273,1.0608191
14274,1.2405914
14275,1.4234749
14276,1.1238028
14277,0.9234355
14278,1.2861408
14279,1.0608191
14280,0.8737099
14281,1.1361365
14282,0.78003377
14283,0.975823
14284,1.0572321
14285,1.4888217
14286,1.2918444
14287,1.351151
14288,1.1777729
14289,1.0882374
14290,1.1418186
14291,1.464021
14292,1.1442062
14293,1.1757265
14294,0.9941768
14295,1.5896366
14296,0.8787147
14297,1.2291952
14298,1.2291952
14299,1.1442062
14300,0.97927976
14301,0.718359
14302,1.2291952
14303,1.1082008
14304,1.0608191
14305,1.0882374
14306,1.0608191
14307,1.2717698
14308,1.1009309
14309,1.1846076
14310,1.0920691
14311,0.5549019
14312,0.9906469
14313,1.1744777
14314,1.2433957
14315,1.1034429
14316,1.0882374
14317,1.2213055
14318,1.1126503
14319,1.5092584
14320,1.0592496
14321,1.2568561
14322,1.4043378
14323,1.2717698
14324,1.0611218
14325,1.5295208
14326,1.1186252
14327,0.94442844
14328,1.1549832
14329,1.2291952
14330,1.193493
14331,1.2720807
14332,1.2717698
14333,1.3198594
14334,1.1801589
14335,1.3583034
14336,1.2090743
14337,1.2231438
14338,1.0608191
14339,1.3018454
14340,1.1356682
14341,1.2291952
14342,1.3815801
14343,1.0831206
14344,1.320685
14345,1.3624737
14346,0.8421308
14347,0.80759966
14348,0.71990323
14349,1.0648602
14350,1.2717698
14351,1.2352735
14352,1.4126816
14353,1.2805755
14354,1.2717698
14355,1.3482021
14356,1.2087487
14357,0.6851028
14358,1.215517
14359,1.3278738
14360,1.0013171
14361,1.1608382
14362,1.335488
14363,1.0319625
14364,1.0608191
14365,1.3137926
14366,1.2717698
14367,1.3484852
14368,1.2291952
14369,1.2995033
14370,1.5381281
14371,1.1553737
14372,1.1596173
14373,1.2079407
14374,1.1333525
14375,1.0926921
14376,1.2329209
14377,1.2717698
14378,1.0882374
14379,0.93421066
14380,0.88619864
14381,0.53461075
14382,0.75215703
14383,1.2403233
14384,0.9388577
14385,1.1587646
14386,1.1560528
14387,1.4632958
14388,1.0070499
14389,1.2676432
14390,0.7829351
14391,1.2802559
14392,1.3316622
14393,1.2334179
14394,1.3639058
14395,1.1986408
14396,1.3058375
14397,1.1546853
14398,1.1067072
14399,1.0674572
14400,1.2291952
14401,1.2717698
14402,1.3818731
14403,1.3814291
14404,1.2717698
14405,1.233528
14406,1.2213055
14407,1.1028799
14408,0.95897853
14409,1.1084929
14410,1.4200315
14411,1.2954807
14412,1.2291952
14413,0.7898704
14414,1.2291952
14415,1.1634417
14416,1.2291952
14417,0.7754935
14418,1.2717698
14419,1.149213
14420,1.0296843
14421,1.0857122
14422,1.2717698
14423,1.1471227
14424,1.2356842
14425,0.92496574
14426,1.2717698
14427,1.2351476
14428,1.1156566
14429,1.0882374
14430,1.0882374
14431,1.0608191
14432,1.0592496
14433,1.557119
14434,1.0412956
14435,1.186264
14436,1.0608191
14437,1.3361642
14438,1.2717698
14439,1.1022013
14440,1.2835834
14441,1.2401361
14442,1.4189605
14443,1.0264724
14444,1.2717698
14445,1.1791698
14446,1.0813699
14447,1.0646178
14448,1.2814432
14449,0.5566013
14450,1.4565285
14451,0.8768022
14452,1.2158182
14453,1.1632935
14454,0.7847618
14455,1.000005
14456,1.3311243
14457,1.4664555
14458,1.1868719
14459,1.1471804
14460,1.1350813
14461,1.0608191
14462,0.77362543
14463,1.1001537
14464,0.77362543
14465,1.2125716
14466,1.2717698
14467,1.2747008
14468,1.3499928
14469,1.2871604
14470,1.2982645
14471,1.5467556
14472,1.2726972
14473,1.221235
14474,1.0608191
14475,1.1064432
14476,0.77362543
14477,1.3208973
14478,1.2160157
14479,1.2717698
14480,1.3434094
14481,0.8090384
14482,0.6930131
14483,1.2588617
14484,1.247491
14485,1.3208973
14486,1.0956776
14487,0.6830737
14488,1.2291952
14489,1.4537314
14490,1.2291952
14491,1.35111
14492,1.1687108
14493,1.1723708
14494,1.0651456
14495,1.1498016
14496,0.77362543
14497,1.1526157
14498,1.5207368
14499,1.0727695
14500,1.2563281
14501,1.3528575
14502,1.2785106
14503,1.2717698
14504,1.0019138
14505,1.3279841
14506,1.0608191
14507,1.383242
14508,1.3326949
14509,1.1442062
14510,1.3378441
14511,0.77362543
14512,1.4023842
14513,1.2639961
14514,1.0974979
14515,1.1665208
14516,1.1508894
14517,1.2066224
14518,1.2717698
14519,1.0608191
14520,1.3115119
14521,1.3361361
14522,1.2717698
14523,0.80310285
14524,0.69659245
14525,1.3281666
14526,1.2291952
14527,1.1268891
14528,1.0449946
14529,1.2717698
14530,0.809613
14531,1.2717698
14532,1.3311243
14533,1.4628061
14534,1.3966361
14535,1.2717698
14536,1.0013171
14537,1.1358893
14538,1.1778545
14539,1.1442062
14540,1.2717698
14541,1.097475
14542,1.4126558
14543,1.0086138
14544,1.138339
14545,1.0608191
14546,1.0608191
14547,1.3526733
14548,1.0481634
14549,1.3052055
14550,1.4783517
14551,1.1073469
14552,1.0608191
14553,1.0608191
14554,0.7971736
14555,0.73988765
14556,1.1300418
14557,1.2717698
14558,1.1079363
14559,1.2291497
14560,1.0586427
14561,1.2717698
14562,1.3452499
14563,1.0864913
14564,1.0084287
14565,1.1333302
14566,1.2717698
14567,1.0476792
14568,1.2717698
14569,1.104946
14570,1.3175869
14571,1.2291952
14572,1.1763817
14573,1.3972843
14574,1.2706487
14575,1.055795
14576,1.2717698
14577,1.3204452
14578,1.3376744
14579,1.2717698
14580,1.2291952
14581,1.2717698
14582,1.079477
14583,0.8226117
14584,1.2717698
14585,1.035755
14586,1.0222652
14587,1.1442062
14588,1.3145845
14589,1.3381901
14590,1.2717698
14591,1.1142781
14592,1.0882374
14593,1.2329209
14594,1.2291952
14595,1.0207223
14596,1.1718061
14597,1.0064228
14598,1.2464265
14599,1.1863877
14600,1.2717698
14601,1.1442062
14602,1.0743637
14603,1.2717698
14604,1.0324534
14605,1.0841266
14606,0.72887564
14607,1.094457
14608,1.0608191
14609,1.0819843
14610,1.2646894
14611,1.2969339
14612,0.9803175
14613,1.2717698
14614,1.0392597
14615,1.2717698
14616,1.3287221
14617,0.80022186
14618,1.0608191
14619,1.0882374
14620,1.1319399
14621,1.2650849
14622,1.2057016
14623,1.3526733
14624,1.0704015
14625,1.2717698
14626,0.7822679
14627,1.2291952
14628,0.83055204
14629,1.0882374
14630,1.2717698
14631,1.1801589
14632,1.0939509
14633,1.1686217
14634,1.2379105
14635,1.2451671
14636,1.3638
14637,1.0882374
14638,1.2124654
14639,1.1801589
14640,1.2626364
14641,1.0689414
14642,0.9869465
14643,1.157938
14644,0.9677356
14645,1.0935553
14646,1.2765273
14647,1.321102
14648,0.95745194
14649,1.1710893
14650,1.2291952
14651,1.2717698
14652,1.3356887
14653,1.0148044
14654,1.4346193
14655,1.2716185
14656,1.0639048
14657,1.1974903
14658,0.72896904
14659,1.0608191
14660,1.332083
14661,1.0700415
14662,0.77362543
14663,1.0882374
14664,1.149213
14665,0.64215845
14666,1.3532262
14667,1.1442062
14668,0.9036797
14669,1.2716185
14670,1.3155963
14671,1.4732659
14672,1.254384
14673,1.1161605
14674,1.1442062
14675,1.3944638
14676,1.051223
14677,1.3748609
14678,1.2291952
14679,1.4040569
14680,1.2717698
14681,1.0858144
14682,1.1160021
14683,1.0608191
14684,1.0305135
14685,1.2936908
14686,1.3035063
14687,1.1442062
14688,1.0821308
14689,1.320655
14690,1.0608191
14691,1.1442062
14692,1.2889817
14693,1.1442062
14694,1.0863473
14695,1.3087895
14696,1.237677
14697,1.5325776
14698,1.0543718
14699,0.77362543
14700,1.22486
14701,1.2717698
14702,1.1442062
14703,1.165674
14704,1.110246
14705,1.0608191
14706,0.6893796
14707,1.4175861
14708,1.3889635
14709,1.1242096
14710,1.2291952
14711,1.227962
14712,1.0608191
14713,1.017614
14714,1.2134922
14715,0.99102503
14716,1.2717698
14717,1.1880705
14718,0.79679745
14719,1.2717698
14720,1.0882374
14721,1.320655
14722,1.3041519
14723,1.2291952
14724,1.214637
14725,1.0230963
14726,1.4070823
14727,1.2291952
14728,1.2430261
14729,1.1001767
14730,1.1436615
14731,0.67686045
14732,1.2043847
14733,1.1442062
14734,1.0608191
14735,1.2291952
14736,1.0957198
14737,1.3707389
14738,1.1442062
14739,1.2717698
14740,1.2291952
14741,1.4107071
14742,1.1475803
14743,0.83778286
14744,1.035294
14745,1.1442062
14746,1.3676496
14747,1.3287221
14748,1.1275911
14749,1.1020668
14750,1.2717698
14751,1.2579416
14752,1.125959
14753,0.762111
14754,1.2291952
14755,1.1951227
14756,1.1067404
14757,1.059638
14758,1.1442062
14759,1.1796693
14760,1.1605527
14761,1.2019681
14762,0.76982695
14763,1.231377
14764,1.1418946
14765,1.0819843
14766,1.2717698
14767,1.2717698
14768,1.1096923
14769,1.2445172
14770,0.635115
14771,0.62168986
14772,1.2717698
14773,1.5224277
14774,1.4809462
14775,1.2291952
14776,0.7322438
14777,1.1306548
14778,1.1492141
14779,1.3462015
14780,1.0882374
14781,1.3023053
14782,1.1366411
14783,1.2717698
14784,1.3038608
14785,1.2980261
14786,1.4608868
14787,1.0376601
14788,1.0091208
14789,1.3319955
14790,1.4507246
14791,1.0882374
14792,1.4108992
14793,1.1442062
14794,1.2946074
14795,1.0084287
14796,1.0608191
14797,1.1802804
14798,1.0608191
14799,1.1442062
14800,1.2291952
14801,0.45696315
14802,0.52514756
14803,1.4763383
14804,1.067928
14805,1.0882374
14806,1.326646
14807,1.3311002
14808,0.9525209
14809,1.4076368
14810,0.77362543
14811,1.2717698
14812,0.7678846
14813,1.2459342
14814,0.97938675
14815,1.2717698
14816,0.61234415
14817,1.1254367
14818,1.0711985
14819,1.2717698
14820,1.0645638
14821,1.0366583
14822,1.4127247
14823,1.0541466
14824,0.77362543
14825,1.0812366
14826,1.2397008
14827,1.2378134
14828,1.3814291
14829,1.1513525
14830,1.3371964
14831,1.2717698
14832,1.3166944
14833,1.1363807
14834,1.3231703
14835,1.1473608
14836,1.0608191
14837,1.5181082
14838,1.1752518
14839,1.3362782
14840,1.4433348
14841,1.3457661
14842,1.1636147
14843,1.2759407
14844,1.0639048
14845,1.1599702
14846,0.7459357
14847,1.4525375
14848,1.0676882
14849,1.5018649
14850,1.0882374
14851,1.0767503
14852,1.2892386
14853,1.3461263
14854,1.3370024
14855,1.7238073
14856,1.2373129
14857,0.7956666
14858,1.160722
14859,1.3216602
14860,1.0639048
14861,1.3979934
14862,1.2510661
14863,1.1382238
14864,0.7546907
14865,1.2206371
14866,1.2059432
14867,1.4619722
14868,1.0668197
14869,1.0882374
14870,0.91615546
14871,1.5984634
14872,1.0097549
14873,0.7977667
14874,1.3780073
14875,0.71598786
14876,1.0943305
14877,1.1440245
14878,1.2802515
14879,1.0608191
14880,1.3226396
14881,1.1761754
14882,1.4160563
14883,1.2291952
14884,1.4850432
14885,1.0137627
14886,1.0172063
14887,1.2717698
14888,1.2717698
14889,1.121432
14890,1.3962151
14891,1.1442062
14892,1.041723
14893,1.3301854
14894,1.0515215
14895,1.1974903
14896,0.579422
14897,1.0608191
14898,0.98019814
14899,0.77362543
14900,1.2954807
14901,1.2861912
14902,1.0608191
14903,1.0341419
14904,1.2291952
14905,1.0875604
14906,0.7229186
14907,1.2995033
14908,0.77362543
14909,1.4525375
14910,1.2291952
14911,1.2206371
14912,1.0882374
14913,1.2291952
14914,1.0646509
14915,1.2717698
14916,1.2786279
14917,1.2291952
14918,1.2717698
14919,1.1960309
14920,1.1430075
14921,1.0608191
14922,0.77362543
14923,0.889337
14924,1.149213
14925,0.9723824
14926,0.65021837
14927,1.138687
14928,1.3380433
14929,0.93459547
14930,1.1186085
14931,1.2717698
14932,1.2165258
14933,0.7845501
14934,1.0882374
14935,1.2270253
14936,1.1542883
14937,0.96972984
14938,1.2441846
14939,1.2878244
14940,1.0565791
14941,1.1243892
14942,0.87170404
14943,0.6139294
14944,0.7370839
14945,1.0304128
14946,1.1203357
14947,1.2717698
14948,1.4055158
14949,1.0241512
14950,1.221235
14951,1.2670139
14952,1.025201
14953,1.057776
14954,1.0245202
14955,1.227962
14956,1.2094164
14957,1.0672776
14958,1.2580016
14959,1.214637
14960,1.2159076
14961,1.0048313
14962,1.4155546
14963,1.2717698
14964,1.1478618
14965,1.3006388
14966,0.76982695
14967,1.0563945
14968,1.3695669
14969,1.3079119
14970,1.0364839
14971,1.0095663
14972,1.2646894
14973,0.7377274
14974,1.3868643
14975,1.227962
14976,0.79587066
14977,0.7015578
14978,1.0871096
14979,1.1022508
14980,0.97236556
14981,1.2717698
14982,1.46892
14983,0.67933357
14984,1.3870206
14985,1.1846076
14986,1.477863
14987,1.1348906
14988,1.2500407
14989,1.328557
14990,1.0608191
14991,1.1442062
14992,1.2531378
14993,1.2291952
14994,0.773207
14995,1.1420779
14996,1.1442062
14997,1.2460141
14998,1.3516023
14999,1.1045434
